{
  "avg_polsby_popper_scores": 0.21485014840673322,
  "avg_rep_splits": 0.50058464461245,
  "avg_dem_splits": 0.5005638507237432,
  "avg_black_pop": 155373.3846153846,
  "avg_asian_pop": 15890.692307692309,
  "avg_hispanic_pop": 61547.692307692305,
  "avg_white_pop": 478768.84615384624,
  "avg_total_pop": 733498.6923076925,
  "avg_minority_pop": 232811.76923076928,
  "equal_pop": 26283.16,
  "avg_dem_seat_share": 41.53846153846154,
  "avg_dem_vote_share": 0.4990659076932295,
  "boxplots": {
    "black_pop_box_data": {
      "13": {
        "min": 97793.0,
        "25%": 156039.0,
        "50%": 156039.0,
        "mean": 169419.7,
        "75%": 180526.0,
        "max": 204999.0
      },
      "5": {
        "min": 69685.0,
        "25%": 72862.0,
        "50%": 80106.0,
        "mean": 98842.53,
        "75%": 136412.0,
        "max": 217315.0
      },
      "9": {
        "min": 128902.0,
        "25%": 128902.0,
        "50%": 168545.0,
        "mean": 174893.75,
        "75%": 173107.5,
        "max": 285954.0
      },
      "11": {
        "min": 19692.0,
        "25%": 26936.0,
        "50%": 31072.0,
        "mean": 31160.69,
        "75%": 31524.0,
        "max": 71840.0
      },
      "3": {
        "min": 132445.0,
        "25%": 136229.0,
        "50%": 166558.0,
        "mean": 176043.14,
        "75%": 197206.5,
        "max": 305804.0
      },
      "1": {
        "min": 158112.0,
        "25%": 180002.0,
        "50%": 218809.0,
        "mean": 232905.04,
        "75%": 275521.0,
        "max": 316261.0
      },
      "7": {
        "min": 76236.0,
        "25%": 152286.0,
        "50%": 168956.0,
        "mean": 166759.17,
        "75%": 177798.5,
        "max": 252539.0
      },
      "8": {
        "min": 121945.0,
        "25%": 170680.0,
        "50%": 180140.0,
        "mean": 171059.79,
        "75%": 180665.0,
        "max": 192940.0
      },
      "10": {
        "min": 21090.0,
        "25%": 71717.0,
        "50%": 150487.0,
        "mean": 150574.43,
        "75%": 200612.0,
        "max": 252292.0
      },
      "4": {
        "min": 69819.0,
        "25%": 81524.0,
        "50%": 117724.0,
        "mean": 120067.86,
        "75%": 151525.5,
        "max": 189449.0
      },
      "6": {
        "min": 26389.0,
        "25%": 108057.5,
        "50%": 126946.0,
        "mean": 126410.14,
        "75%": 141703.0,
        "max": 232329.0
      },
      "12": {
        "min": 78467.0,
        "25%": 85855.0,
        "50%": 248683.0,
        "mean": 190795.38,
        "75%": 251008.25,
        "max": 263442.0
      },
      "2": {
        "min": 118194.0,
        "25%": 151337.0,
        "50%": 207105.0,
        "mean": 210922.38,
        "75%": 265638.0,
        "max": 308640.0
      }
    },
    "asian_pop_box_data": {
      "13": {
        "min": 5114.0,
        "25%": 5117.0,
        "50%": 7301.0,
        "mean": 8625.99,
        "75%": 9802.25,
        "max": 17985.0
      },
      "5": {
        "min": 5845.0,
        "25%": 6920.0,
        "50%": 8604.0,
        "mean": 10454.49,
        "75%": 16486.0,
        "max": 20017.0
      },
      "9": {
        "min": 4821.0,
        "25%": 9944.0,
        "50%": 17305.0,
        "mean": 20516.28,
        "75%": 27381.0,
        "max": 43192.0
      },
      "11": {
        "min": 4929.0,
        "25%": 7451.0,
        "50%": 8883.0,
        "mean": 14329.4,
        "75%": 13543.0,
        "max": 43190.0
      },
      "3": {
        "min": 5300.0,
        "25%": 26931.0,
        "50%": 34836.5,
        "mean": 32154.56,
        "75%": 43117.0,
        "max": 51758.0
      },
      "1": {
        "min": 4982.0,
        "25%": 5172.0,
        "50%": 6281.0,
        "mean": 6190.98,
        "75%": 6987.25,
        "max": 7830.0
      },
      "7": {
        "min": 4835.0,
        "25%": 5981.0,
        "50%": 7482.5,
        "mean": 11734.96,
        "75%": 16751.0,
        "max": 46987.0
      },
      "8": {
        "min": 5037.0,
        "25%": 13074.0,
        "50%": 23610.0,
        "mean": 20491.04,
        "75%": 23610.0,
        "max": 30349.0
      },
      "10": {
        "min": 5205.0,
        "25%": 7098.0,
        "50%": 11532.0,
        "mean": 13094.94,
        "75%": 19943.0,
        "max": 26580.0
      },
      "4": {
        "min": 9865.0,
        "25%": 26519.0,
        "50%": 27479.0,
        "mean": 24266.98,
        "75%": 27479.0,
        "max": 27479.0
      },
      "6": {
        "min": 8360.0,
        "25%": 11018.0,
        "50%": 11690.0,
        "mean": 13176.12,
        "75%": 13565.0,
        "max": 23601.0
      },
      "12": {
        "min": 6752.0,
        "25%": 11207.0,
        "50%": 16098.0,
        "mean": 18434.35,
        "75%": 27415.0,
        "max": 30891.0
      },
      "2": {
        "min": 4960.0,
        "25%": 6538.0,
        "50%": 10004.0,
        "mean": 13108.91,
        "75%": 10274.0,
        "max": 43240.0
      }
    },
    "hispanic_pop_box_data": {
      "13": {
        "min": 61034.0,
        "25%": 67748.0,
        "50%": 70870.0,
        "mean": 75216.92,
        "75%": 90659.0,
        "max": 90659.0
      },
      "5": {
        "min": 35502.0,
        "25%": 46196.0,
        "50%": 57559.0,
        "mean": 54721.24,
        "75%": 57559.0,
        "max": 76603.0
      },
      "9": {
        "min": 38977.0,
        "25%": 43265.0,
        "50%": 56092.0,
        "mean": 61121.55,
        "75%": 90264.0,
        "max": 92349.0
      },
      "11": {
        "min": 39883.0,
        "25%": 40296.0,
        "50%": 51822.0,
        "mean": 50143.97,
        "75%": 55535.0,
        "max": 74813.0
      },
      "3": {
        "min": 31707.0,
        "25%": 40542.0,
        "50%": 54920.0,
        "mean": 59391.81,
        "75%": 76799.0,
        "max": 93217.0
      },
      "1": {
        "min": 30736.0,
        "25%": 33988.0,
        "50%": 48911.5,
        "mean": 50289.48,
        "75%": 58304.0,
        "max": 93253.0
      },
      "7": {
        "min": 62224.0,
        "25%": 71814.5,
        "50%": 79325.5,
        "mean": 78062.2,
        "75%": 86695.0,
        "max": 91727.0
      },
      "8": {
        "min": 58359.0,
        "25%": 61197.5,
        "50%": 66881.0,
        "mean": 69343.48,
        "75%": 73955.0,
        "max": 88582.0
      },
      "10": {
        "min": 32441.0,
        "25%": 39153.0,
        "50%": 46432.5,
        "mean": 56943.71,
        "75%": 76291.0,
        "max": 86572.0
      },
      "4": {
        "min": 49837.0,
        "25%": 55299.0,
        "50%": 60902.0,
        "mean": 60437.35,
        "75%": 66044.0,
        "max": 77004.0
      },
      "6": {
        "min": 39695.0,
        "25%": 42164.0,
        "50%": 42164.0,
        "mean": 53832.77,
        "75%": 67650.0,
        "max": 79620.0
      },
      "12": {
        "min": 33292.0,
        "25%": 49723.0,
        "50%": 54448.0,
        "mean": 56904.51,
        "75%": 56632.0,
        "max": 100014.0
      },
      "2": {
        "min": 42538.0,
        "25%": 69408.0,
        "50%": 76675.0,
        "mean": 73711.01,
        "75%": 82101.0,
        "max": 95358.0
      }
    },
    "white_pop_box_data": {
      "13": {
        "min": 357767.0,
        "25%": 442074.5,
        "50%": 448044.0,
        "mean": 455518.84,
        "75%": 518663.0,
        "max": 555976.0
      },
      "5": {
        "min": 529177.0,
        "25%": 529177.0,
        "50%": 566786.0,
        "mean": 564264.05,
        "75%": 587782.0,
        "max": 605684.0
      },
      "9": {
        "min": 324665.0,
        "25%": 366686.0,
        "50%": 628141.0,
        "mean": 523530.27,
        "75%": 628141.0,
        "max": 629203.0
      },
      "11": {
        "min": 355595.0,
        "25%": 386750.0,
        "50%": 614409.0,
        "mean": 534280.78,
        "75%": 637265.0,
        "max": 641590.0
      },
      "3": {
        "min": 379659.0,
        "25%": 403248.0,
        "50%": 416097.0,
        "mean": 424263.72,