{
  "polsby_popper_scores": {
    "13": 0.17056476147110933,
    "5": 0.2422129311018952,
    "9": 0.22410109102466083,
    "11": 0.17461799082119212,
    "3": 0.23280362147834716,
    "1": 0.23199067647418267,
    "7": 0.22249166416832572,
    "8": 0.20935772840805078,
    "10": 0.18586470581862286,
    "4": 0.2124988359822765,
    "6": 0.25711819426650806,
    "12": 0.22654395765884305,
    "2": 0.20288577061351798
  },
  "rep_splits": {
    "0": 0.3692872766675518,
    "1": 0.5442753188662723,
    "2": 0.510302127902562,
    "3": 0.6095013884519802,
    "4": 0.5298225970195571,
    "5": 0.5731688670301631,
    "6": 0.5552918199282497,
    "7": 0.5687265173555299,
    "8": 0.5026996221653464,
    "9": 0.38975420369506886,
    "10": 0.41103614133459115,
    "11": 0.43795526035329113,
    "12": 0.5057792391916868
  },
  "dem_splits": {
    "0": 0.6946950084962409,
    "1": 0.5229134497784712,
    "2": 0.44661278912834246,
    "3": 0.4229155207922131,
    "4": 0.4193131985634265,
    "5": 0.5933537884129033,
    "6": 0.4315587399683776,
    "7": 0.49553861342849914,
    "8": 0.4519412179344479,
    "9": 0.5537886416871522,
    "10": 0.40494484817883597,
    "11": 0.4698042663508572,
    "12": 0.5999499766888937
  },
  "black_pop": {
    "13": 169419.7,
    "5": 98842.53,
    "9": 174893.75,
    "11": 31160.69,
    "3": 176043.14,
    "1": 232905.04,
    "7": 166759.17,
    "8": 171059.79,
    "10": 150574.43,
    "4": 120067.86,
    "6": 126410.14,
    "12": 190795.38,
    "2": 210922.38
  },
  "asian_pop": {
    "13": 8625.99,
    "5": 10454.49,
    "9": 20516.28,
    "11": 14329.4,
    "3": 32154.56,
    "1": 6190.98,
    "7": 11734.96,
    "8": 20491.04,
    "10": 13094.94,
    "4": 24266.98,
    "6": 13176.12,
    "12": 18434.35,
    "2": 13108.91
  },
  "hispanic_pop": {
    "13": 75216.92,
    "5": 54721.24,
    "9": 61121.55,
    "11": 50143.97,
    "3": 59391.81,
    "1": 50289.48,
    "7": 78062.2,
    "8": 69343.48,
    "10": 56943.71,
    "4": 60437.35,
    "6": 53832.77,
    "12": 56904.51,
    "2": 73711.01
  },
  "white_pop": {
    "13": 455518.84,
    "5": 564264.05,
    "9": 523530.27,
    "11": 534280.78,
    "3": 424263.72,
    "1": 444190.67,
    "7": 457735.23,
    "8": 488701.08,
    "10": 498636.4,
    "4": 431796.92,
    "6": 492075.13,
    "12": 457383.49,
    "2": 451618.42
  },
  "total_pop": {
    "13": 736518.17,
    "5": 726419.18,
    "9": 737720.77,
    "11": 730891.37,
    "3": 737172.54,
    "1": 730200.77,
    "7": 733286.73,
    "8": 734696.45,
    "10": 733718.09,
    "4": 736582.15,
    "6": 729131.99,
    "12": 733046.61,
    "2": 736098.18
  },
  "minority_pop": {
    "13": 253262.61,
    "5": 164018.26,
    "9": 256531.58,
    "11": 95634.06,
    "3": 267589.51,
    "1": 289385.5,
    "7": 256556.33,
    "8": 260894.31,
    "10": 220613.08,
    "4": 204772.19,
    "6": 193419.03,
    "12": 266134.24,
    "2": 297742.3
  },
  "equal_pop": { "0": 26283.16 },
  "dem_vote_share": {
    "0": 0.49532322547920293,
    "1": 0.43158353404310107,
    "2": 0.4111860672737113,
    "3": 0.4451316189251873,
    "4": 0.4720098055584279,
    "5": 0.5086966807400808,
    "6": 0.5255174473389815,
    "7": 0.4006131076268207,
    "8": 0.4788046019883849,
    "9": 0.4319559219746186,
    "10": 0.6235165607204213,
    "11": 0.6230629677444622,
    "12": 0.6404552605985819
  },
  "dem_seat_share": 41.53846153846154,
  "black_pop_box_data": {
    "13": {
      "min": 97793.0,
      "25%": 156039.0,
      "50%": 156039.0,
      "mean": 169419.7,
      "75%": 180526.0,
      "max": 204999.0
    },
    "5": {
      "min": 69685.0,
      "25%": 72862.0,
      "50%": 80106.0,
      "mean": 98842.53,
      "75%": 136412.0,
      "max": 217315.0
    },
    "9": {
      "min": 128902.0,
      "25%": 128902.0,
      "50%": 168545.0,
      "mean": 174893.75,
      "75%": 173107.5,
      "max": 285954.0
    },
    "11": {
      "min": 19692.0,
      "25%": 26936.0,
      "50%": 31072.0,
      "mean": 31160.69,
      "75%": 31524.0,
      "max": 71840.0
    },
    "3": {
      "min": 132445.0,
      "25%": 136229.0,
      "50%": 166558.0,
      "mean": 176043.14,
      "75%": 197206.5,
      "max": 305804.0
    },
    "1": {
      "min": 158112.0,
      "25%": 180002.0,
      "50%": 218809.0,
      "mean": 232905.04,
      "75%": 275521.0,
      "max": 316261.0
    },
    "7": {
      "min": 76236.0,
      "25%": 152286.0,
      "50%": 168956.0,
      "mean": 166759.17,
      "75%": 177798.5,
      "max": 252539.0
    },
    "8": {
      "min": 121945.0,
      "25%": 170680.0,
      "50%": 180140.0,
      "mean": 171059.79,
      "75%": 180665.0,
      "max": 192940.0
    },
    "10": {
      "min": 21090.0,
      "25%": 71717.0,
      "50%": 150487.0,
      "mean": 150574.43,
      "75%": 200612.0,
      "max": 252292.0
    },
    "4": {
      "min": 69819.0,
      "25%": 81524.0,
      "50%": 117724.0,
      "mean": 120067.86,
      "75%": 151525.5,
      "max": 189449.0
    },
    "6": {
      "min": 26389.0,
      "25%": 108057.5,
      "50%": 126946.0,
      "mean": 126410.14,
      "75%": 141703.0,
      "max": 232329.0
    },
    "12": {
      "min": 78467.0,
      "25%": 85855.0,
      "50%": 248683.0,
      "mean": 190795.38,
      "75%": 251008.25,
      "max": 263442.0
    },
    "2": {
      "min": 118194.0,
      "25%": 151337.0,
      "50%": 207105.0,
      "mean": 210922.38,
      "75%": 265638.0,
      "max": 308640.0
    }
  },
  "asian_pop_box_data": {
    "13": {
      "min": 5114.0,
      "25%": 5117.0,
      "50%": 7301.0,
      "mean": 8625.99,
      "75%": 9802.25,
      "max": 17985.0
    },
    "5": {
      "min": 5845.0,
      "25%": 6920.0,
      "50%": 8604.0,
      "mean": 10454.49,
      "75%": 16486.0,
      "max": 20017.0
    },
    "9": {
      "min": 4821.0,
      "25%": 9944.0,
      "50%": 17305.0,
      "mean": 20516.28,
      "75%": 27381.0,
      "max": 43192.0
    },
    "11": {
      "min": 4929.0,
      "25%": 7451.0,
      "50%": 8883.0,
      "mean": 14329.4,
      "75%": 13543.0,
      "max": 43190.0
    },
    "3": {
      "min": 5300.0,
      "25%": 26931.0,
      "50%": 34836.5,
      "mean": 32154.56,
      "75%": 43117.0,
      "max": 51758.0
    },
    "1": {
      "min": 4982.0,
      "25%": 5172.0,
      "50%": 6281.0,
      "mean": 6190.98,
      "75%": 6987.25,
      "max": 7830.0
    },
    "7": {
      "min": 4835.0,
      "25%": 5981.0,
      "50%": 7482.5,
      "mean": 11734.96,
      "75%": 16751.0,
      "max": 46987.0
    },
    "8": {
      "min": 5037.0,
      "25%": 13074.0,
      "50%": 23610.0,
      "mean": 20491.04,
      "75%": 23610.0,
      "max": 30349.0
    },
    "10": {
      "min": 5205.0,
      "25%": 7098.0,
      "50%": 11532.0,
      "mean": 13094.94,
      "75%": 19943.0,
      "max": 26580.0
    },
    "4": {
      "min": 9865.0,
      "25%": 26519.0,
      "50%": 27479.0,
      "mean": 24266.98,
      "75%": 27479.0,
      "max": 27479.0
    },
    "6": {
      "min": 8360.0,
      "25%": 11018.0,
      "50%": 11690.0,
      "mean": 13176.12,
      "75%": 13565.0,
      "max": 23601.0
    },
    "12": {
      "min": 6752.0,
      "25%": 11207.0,
      "50%": 16098.0,
      "mean": 18434.35,
      "75%": 27415.0,
      "max": 30891.0
    },
    "2": {
      "min": 4960.0,
      "25%": 6538.0,
      "50%": 10004.0,
      "mean": 13108.91,
      "75%": 10274.0,
      "max": 43240.0
    }
  },
  "hispanic_pop_box_data": {
    "13": {
      "min": 61034.0,
      "25%": 67748.0,
      "50%": 70870.0,
      "mean": 75216.92,
      "75%": 90659.0,
      "max": 90659.0
    },
    "5": {
      "min": 35502.0,
      "25%": 46196.0,
      "50%": 57559.0,
      "mean": 54721.24,
      "75%": 57559.0,
      "max": 76603.0
    },
    "9": {
      "min": 38977.0,
      "25%": 43265.0,
      "50%": 56092.0,
      "mean": 61121.55,
      "75%": 90264.0,
      "max": 92349.0
    },
    "11": {
      "min": 39883.0,
      "25%": 40296.0,
      "50%": 51822.0,