{"polsby_popper_scores": {"13": 0.18896645289561456, "5": 0.2102736702954643, "9": 0.18227918745305519, "11": 0.243162915663559, "3": 0.2673577445481062, "1": 0.20018397060195434, "7": 0.2222838841424698, "8": 0.19428493545689585, "10": 0.2172460524427708, "4": 0.2419889346377586, "6": 0.25160285818977796, "12": 0.17637101322475107, "2": 0.22512025906237004}, "rep_splits": {"13": 0.5066573699146555, "5": 0.593448193556213, "9": 0.5270708460212359, "11": 0.5863321277843322, "3": 0.6024114913535784, "1": 0.45860290943393706, "7": 0.45976833929519656, "8": 0.48434879753803295, "10": 0.5053771796470247, "4": 0.37332037521821376, "6": 0.580159226361348, "12": 0.4229307844051442, "2": 0.4122704198874547}, "dem_splits": {"13": 0.4933426300853445, "5": 0.40655180644378697, "9": 0.47292915397876406, "11": 0.4136678722156678, "3": 0.3975885086464217, "1": 0.5413970905660629, "7": 0.5402316607048036, "8": 0.515651202461967, "10": 0.49462282035297533, "4": 0.6266796247817862, "6": 0.41984077363865197, "12": 0.5770692155948558, "2": 0.5877295801125453}, "black_pop": {"13": 158216.83, "5": 148170.47, "9": 160816.65, "11": 50010.78, "3": 171353.02, "1": 233152.53, "7": 166667.6, "8": 149748.95, "10": 134153.25, "4": 167219.02, "6": 84100.58, "12": 171574.42, "2": 224669.9}, "asian_pop": {"13": 18179.51, "5": 6515.01, "9": 16650.52, "11": 7356.76, "3": 8046.26, "1": 12698.58, "7": 17150.39, "8": 17376.07, "10": 17789.84, "4": 30497.53, "6": 11462.42, "12": 20318.18, "2": 22537.93}, "hispanic_pop": {"13": 63990.85, "5": 55326.58, "9": 64904.64, "11": 43154.14, "3": 49473.48, "1": 59928.82, "7": 70412.9, "8": 72131.15, "10": 64622.55, "4": 80254.45, "6": 47932.45, "12": 65645.08, "2": 62342.91}, "white_pop": {"13": 480110.03, "5": 472290.36, "9": 449655.66, "11": 608706.24, "3": 478421.6, "1": 413201.07, "7": 463517.78, "8": 471385.71, "10": 508234.98, "4": 436566.63, "6": 569590.83, "12": 456162.75, "2": 416151.36}, "total_pop": {"13": 738019.41, "5": 730680.14, "9": 732397.5, "11": 728412.96, "3": 732499.5, "1": 734822.73, "7": 734751.21, "8": 728551.49, "10": 739328.69, "4": 732788.06, "6": 729361.56, "12": 731364.56, "2": 742505.19}, "minority_pop": {"13": 240387.19, "5": 210012.06, "9": 242371.81, "11": 100521.68, "3": 228872.76, "1": 305779.93, "7": 254230.89, "8": 239256.17, "10": 216565.64, "4": 277971.0, "6": 143495.45, "12": 257537.68, "2": 309550.74}, "opportunity_reps": 1.6923076923076923, "equal_pop": {"0": 26295.42}, "dem_seat_share_percentage": 0.47692307692307684, "dem_vote_share_percentage": 0.49691796564467633, "black_pop_box_data": {"13": {"min": 50888.0, "25%": 99528.0, "50%": 167668.5, "mean": 158216.83, "75%": 204447.0, "max": 220638.0}, "5": {"min": 55942.0, "25%": 147993.0, "50%": 150085.0, "mean": 148170.47, "75%": 159368.0, "max": 203010.0}, "9": {"min": 95169.0, "25%": 150046.0, "50%": 157414.0, "mean": 160816.65, "75%": 167536.0, "max": 257633.0}, "11": {"min": 26936.0, "25%": 27266.0, "50%": 30610.0, "mean": 50010.78, "75%": 85862.0, "max": 181934.0}, "3": {"min": 147798.0, "25%": 150961.0, "50%": 162275.0, "mean": 171353.02, "75%": 169670.0, "max": 297338.0}, "1": {"min": 154012.0, "25%": 166518.75, "50%": 208405.0, "mean": 233152.53, "75%": 305110.0, "max": 316261.0}, "7": {"min": 127963.0, "25%": 151362.0, "50%": 165506.0, "mean": 166667.6, "75%": 176722.0, "max": 291253.0}, "8": {"min": 68384.0, "25%": 133196.75, "50%": 158784.0, "mean": 149748.95, "75%": 179045.0, "max": 249338.0}, "10": {"min": 66943.0, "25%": 71717.0, "50%": 106577.0, "mean": 134153.25, "75%": 181630.0, "max": 259427.0}, "4": {"min": 146694.0, "25%": 156718.0, "50%": 171572.0, "mean": 167219.02, "75%": 171612.0, "max": 189122.0}, "6": {"min": 29518.0, "25%": 29518.0, "50%": 75071.5, "mean": 84100.58, "75%": 85452.0, "max": 232329.0}, "12": {"min": 66767.0, "25%": 88551.0, "50%": 179077.0, "mean": 171574.42, "75%": 240164.0, "max": 263442.0}, "2": {"min": 135334.0, "25%": 164032.0, "50%": 173095.0, "mean": 224669.9, "75%": 318437.0, "max": 318437.0}}, "asian_pop_box_data": {"13": {"min": 6790.0, "25%": 8796.0, "50%": 19463.0, "mean": 18179.51, "75%": 22187.0, "max": 40753.0}, "5": {"min": 4840.0, "25%": 4963.0, "50%": 5472.0, "mean": 6515.01, "75%": 8365.0, "max": 10468.0}, "9": {"min": 6826.0, "25%": 11126.0, "50%": 16448.0, "mean": 16650.52, "75%": 17530.0, "max": 42015.0}, "11": {"min": 5079.0, "25%": 5079.0, "50%": 5253.0, "mean": 7356.76, "75%": 8321.0, "max": 21756.0}, "3": {"min": 4789.0, "25%": 7761.0, "50%": 8431.0, "mean": 8046.26, "75%": 9194.0, "max": 9449.0}, "1": {"min": 4662.0, "25%": 5646.0, "50%": 8452.0, "mean": 12698.58, "75%": 15164.25, "max": 41873.0}, "7": {"min": 4835.0, "25%": 13488.0, "50%": 17191.0, "mean": 17150.39, "75%": 21198.0, "max": 45617.0}, "8": {"min": 9106.0, "25%": 10648.75, "50%": 13349.0, "mean": 17376.07, "75%": 21049.0, "max": 43195.0}, "10": {"min": 9455.0, "25%": 10287.0, "50%": 19992.5, "mean": 17789.84, "75%": 22428.0, "max": 31836.0}, "4": {"min": 12622.0, "25%": 27877.0, "50%": 28754.0, "mean": 30497.53, "75%": 29018.0, "max": 48651.0}, "6": {"min": 5285.0, "25%": 5526.0, "50%": 11484.5, "mean": 11462.42, "75%": 13010.0, "max": 23601.0}, "12": {"min": 8654.0, "25%": 12317.0, "50%": 22312.0, "mean": 20318.18, "75%": 27259.0, "max": 31748.0}, "2": {"min": 4903.0, "25%": 5694.0, "50%": 22824.0, "mean": 22537.93, "75%": 38858.0, "max": 52783.0}}, "hispanic_pop_box_data": {"13": {"min": 44120.0, "25%": 61034.0, "50%": 63994.0, "mean": 63990.85, "75%": 68780.25, "max": 74918.0}, "5": {"min": 35502.0, "25%": 53442.0, "50%": 56285.0, "mean": 55326.58, "75%": 59457.0, "max": 73487.0}, "9": {"min": 56092.0, "25%": 57898.0, "50%": 64078.0, "mean": 64904.64, "75%": 71164.0, "max": 98504.0}, "11": {"min": 39638.0, "25%": 39638.0, "50%": 40141.0, "mean": 43154.14, "75%": 44076.75, "max": 64824.0}, "3": {"min": 33113.0, "25%": 45713.0, "50%": 51134.5, "mean": 49473.48, "75%": 54920.0, "max": 57755.0}, "1": {"min": 39447.0, "25%": 49320.0, "50%": 64089.0, "mean": 59928.82, "75%": 72976.0, "max": 74689.0}, "7": {"min": 44530.0, "25%": 60617.0, "50%": 64320.0, "mean": 70412.9, "75%": 80702.0, "max": 85482.0}, "8": {"min": 43305.0, "25%": 59738.0, "50%": 73777.0, "mean": 72131.15, "75%": 82102.0, "max": 95925.0}, "10": {"min": 41339.0, "25%": 53849.0, "50%": 64812.0, "mean": 64622.55, "75%": 69056.0, "max": 98233.0}, "4": {"min": 69645.0, "25%": 77423.0, "50%": 78321.0, "mean": 80254.45, "75%": 88224.0, "max": 88224.0}, "6": {"min": 39822.0, "25%": 39822.0, "50%": 44329.0, "mean": 47932.45, "75%": 53433.0, "max": 67410.0}, "12": {"min": 38656.0, "25%": 50708.0, "50%": 62433.5, "mean": 65645.08, "75%": 90516.0, "max": 100014.0}, "2": {"min": 45840.0, "25%": 46322.0, "50%": 70725.0, "mean": 62342.91, "75%": 73618.0, "max": 84686.0}}, "white_pop_box_data": {"13": {"min": 413622.0, "25%": 429716.0, "50%": 451288.5, "mean": 480110.03, "75%": 553503.0, "max": 607160.0}, "5": {"min": 431531.0, "25%": 443852.0, "50%": 447531.0, "mean": 472290.36, "75%": 480224.0, "max": 605684.0}, "9": {"min": 325544.0, "25%": 436197.0, "50%": 442468.5, "mean": 449655.66, "75%": 471430.0, "max": 544519.0}, "11": {"min": 463427.0, "25%": 587631.0, "50%": 622312.0, "mean": 608706.24, "75%": 630896.0, "max": 637265.0}, "3": {"min": 379435.0, "25%": 480206.0, "50%": 494330.0, "mean": 478421.6, "75%": 499193.0, "max": 505558.0}, "1": {"min": 349976.0, "25%": 359376.0, "50%": 424996.0, "mean": 413201.07, "75%": 462191.75, "max": 476208.0}, "7": {"min": 366879.0, "25%": 438630.0, "50%": 477644.0, "mean": 463517.78, "75%": 478839.0, "max": 518597.0}, "8": {"min": 331958.0, "25%": 436445.0, "50%": 450335.0, "mean": 471385.71, "75%": 483280.5, "max": 598772.0}, "10": {"min": 336245.0, "25%": 432716.0, "50%": 537143.0, "mean": 508234.98, "75%": 594492.0, "max": 606501.0}, "4": {"min": 423282.0, "25%": 427524.0, "50%": 434941.0, "mean": 436566.63, "75%": 442366.0, "max": 476449.0}, "6": {"min": 392388.0, "25%": 570512.0, "50%": 589649.0, "mean": 569590.83, "75%": 624707.0,