{"thresholds": {"SAFE_SEAT_THRESHOLD": 0.66, "MINORITY_POP_THRESHOLD": 0.5, "RACE_WINNER_THRESHOLD": 0.5, "OPPORTUNITY_REP_COUNT": 2}, "polsby_popper_scores": {"1": 0.1679889756575183, "2": 0.17001205602993769, "3": 0.17380484499032367, "4": 0.18083070765635592, "5": 0.17342076241968338, "6": 0.17325523298118223, "7": 0.17598578542628057, "8": 0.17671374524360522, "9": 0.16970655572775514, "10": 0.16880125034607743, "11": 0.1772338385115941}, "rep_splits": {"1": 0.4343877084870266, "2": 0.445828728296779, "3": 0.44379054437349297, "4": 0.41493424425762415, "5": 0.4236174910896661, "6": 0.41877340464854534, "7": 0.42470728924387857, "8": 0.4095018099633857, "9": 0.41880920933085347, "10": 0.4310553611462568, "11": 0.41231037561595596}, "dem_splits": {"1": 0.5656122915129734, "2": 0.554171271703221, "3": 0.556209455626507, "4": 0.5850657557423757, "5": 0.5763825089103338, "6": 0.5812265953514547, "7": 0.5752927107561215, "8": 0.5904981900366144, "9": 0.5811907906691466, "10": 0.568944638853743, "11": 0.587689624384044}, "black_pop": {"1": 118162.61129763647, "2": 147266.53149694568, "3": 137474.1545939691, "4": 154175.8097014606, "5": 143611.78919191036, "6": 132089.10670087644, "7": 141958.03669956033, "8": 136732.36429422916, "9": 144647.4697032144, "10": 136665.47319906167, "11": 130920.65309917659}, "asian_pop": {"1": 43624.388197212196, "2": 31438.14619853328, "3": 35533.48939995459, "4": 35890.96450029616, "5": 41271.64289888606, "6": 41270.60540001348, "7": 41259.15210069391, "8": 44340.05289943881, "9": 39269.18069856673, "10": 37063.684000562906, "11": 45336.69369787342}, "hispanic_pop": {"1": 60442.361997219705, "2": 48087.57779886586, "3": 51213.842199643324, "4": 54452.80190073694, "5": 57272.29399864472, "6": 58525.66120179683, "7": 60593.802299662784, "8": 61835.741697105776, "9": 58130.422498439264, "10": 56695.26830078448, "11": 64575.22609844759}, "white_pop": {"1": 484948.8943473916, "2": 481966.0311596955, "3": 483630.8461580466, "4": 461999.97677498066, "5": 464553.14366632985, "6": 476491.9442598116, "7": 463123.96487620566, "8": 462503.73217657645, "9": 464448.8795669956, "10": 476486.21687111165, "11": 466296.3697605505}, "total_pop": {"1": 726839.2769382227, "2": 727998.9851531334, "3": 727282.3836505881, "4": 727170.7506772293, "5": 727339.5950543277, "6": 728286.504361654, "7": 727815.3746762845, "8": 726348.7530663908, "9": 727002.2807661985, "10": 726890.8136708189, "11": 728049.2815547994}, "minority_pop": {"1": 222229.3614920684, "2": 226792.2554943448, "3": 224221.48619356705, "4": 244519.57610249368, "5": 242155.7260894411, "6": 231885.37330268678, "7": 243810.99109991704, "8": 242908.15889077378, "9": 242047.07290022034, "10": 230424.42550040904, "11": 240832.5728954976}, "opportunity_reps": 0.0, "equal_pop": {"0": 34919.16090493145}, "dem_seat_share_percentage": 0.7035181818181818, "dem_vote_share_percentage": 0.5747530757769578, "rep_seat_share_percentage": 0.2964818181818182, "rep_vote_share_percentage": 0.4252469242230422, "black_pop_box_data": {"1": {"min": 22880.000006443744, "25%": 54140.99997857476, "50%": 101451.000041743, "mean": 118162.61129763647, "75%": 158524.24999676697, "max": 319205.9997221779}, "2": {"min": 22999.00000168252, "25%": 71550.00004634734, "50%": 139096.00000496628, "mean": 147266.53149694568, "75%": 214679.0000521814, "max": 341286.99982479}, "3": {"min": 22397.99998586192, "25%": 62816.99999656981, "50%": 122411.49998938692, "mean": 137474.1545939691, "75%": 206983.9999756996, "max": 338337.999902567}, "4": {"min": 23657.99999341954, "25%": 90834.00002547575, "50%": 151932.99999014748, "mean": 154175.8097014606, "75%": 216812.99999186344, "max": 331093.99992639554}, "5": {"min": 22677.999992502613, "25%": 69387.99996533773, "50%": 130947.99996635206, "mean": 143611.78919191036, "75%": 210146.50004171272, "max": 336490.99986883515}, "6": {"min": 23298.00000583011, "25%": 63161.00001232123, "50%": 110436.00002970127, "mean": 132089.10670087644, "75%": 198666.24989992427, "max": 339452.00005492964}, "7": {"min": 23791.00000434111, "25%": 72098.7500330013, "50%": 126313.99999909897, "mean": 141958.03669956033, "75%": 208295.9998891649, "max": 337036.0000255766}, "8": {"min": 23565.99996304421, "25%": 63599.99996297037, "50%": 114159.00004981806, "mean": 136732.36429422916, "75%": 200767.00007441427, "max": 338207.0000543118}, "9": {"min": 23398.999974670944, "25%": 70675.00002328533, "50%": 128557.50000041956, "mean": 144647.4697032144, "75%": 215967.24993538862, "max": 332088.9997293831}, "10": {"min": 22896.999991700068, "25%": 77359.99999195388, "50%": 119481.99986270754, "mean": 136665.47319906167, "75%": 198347.0001391252, "max": 338628.0002740912}, "11": {"min": 22756.999999500607, "25%": 67375.00000952207, "50%": 107947.9999797575, "mean": 130920.65309917659, "75%": 192294.00004476245, "max": 332457.9998987837}}, "asian_pop_box_data": {"1": {"min": 2804.999998867318, "25%": 10935.999998391642, "50%": 21598.999989337783, "mean": 43624.388197212196, "75%": 79683.74993902218, "max": 138401.9999828847}, "2": {"min": 2788.999998966564, "25%": 11106.999997901014, "50%": 17207.50002583873, "mean": 31438.14619853328, "75%": 32456.000004897378, "max": 146312.99996553652}, "3": {"min": 2952.000001878248, "25%": 10987.749988405025, "50%": 18163.00000207951, "mean": 35533.48939995459, "75%": 35138.99998830543, "max": 143126.00002044142}, "4": {"min": 2814.999999034523, "25%": 13638.999999778545, "50%": 23324.999995476934, "mean": 35890.96450029616, "75%": 35435.25000264885, "max": 140752.99995488382}, "5": {"min": 2890.9999985919285, "25%": 13135.999991476134, "50%": 23384.999985657374, "mean": 41271.64289888606, "75%": 75258.99996140365, "max": 146506.99995213264}, "6": {"min": 2809.9999991489844, "25%": 11689.000000016043, "50%": 21255.999985096918, "mean": 41270.60540001348, "75%": 79372.99997471484, "max": 139143.9999007177}, "7": {"min": 2787.000001877911, "25%": 13246.999999575408, "50%": 22038.0000097662, "mean": 41259.15210069391, "75%": 74029.00005186815, "max": 142714.99997634962}, "8": {"min": 2940.9999980280736, "25%": 13529.00001457582, "50%": 26452.99999946484, "mean": 44340.05289943881, "75%": 81231.99996083356, "max": 153861.99988787016}, "9": {"min": 2709.9999991631908, "25%": 13024.999996744751, "50%": 22365.000021010186, "mean": 39269.18069856673, "75%": 68251.99997429982, "max": 146498.00002889725}, "10": {"min": 2900.9999997940804, "25%": 12386.000006558797, "50%": 20916.999990036373, "mean": 37063.684000562906, "75%": 61723.000003142224, "max": 139568.99997844806}, "11": {"min": 2838.999999109033, "25%": 13334.000002264975, "50%": 27780.00001294773, "mean": 45336.69369787342, "75%": 82577.99993714273, "max": 147047.99993283855}}, "hispanic_pop_box_data": {"1": {"min": 11337.000005304677, "25%": 25438.999993120702, "50%": 41958.0000110385, "mean": 60442.361997219705, "75%": 103597.00014903146, "max": 152202.99993386364}, "2": {"min": 11904.999998794738, "25%": 26913.499988024458, "50%": 38424.00000003042, "mean": 48087.57779886586, "75%": 46410.99998970774, "max": 154171.0001107971}, "3": {"min": 11708.999998550018, "25%": 26525.000053063442, "50%": 40119.99997277547, "mean": 51213.842199643324, "75%": 56020.999960918525, "max": 154982.99991690373}, "4": {"min": 11936.999996516903, "25%": 32558.00000317751, "50%": 42032.00002154674, "mean": 54452.80190073694, "75%": 61683.000016683756, "max": 151337.0000870715}, "5": {"min": 12385.999997347148, "25%": 31872.000030344963, "50%": 41346.00000147722, "mean": 57272.29399864472, "75%": 88488.99973312425, "max": 158669.0000400183}, "6": {"min": 11931.999996538634, "25%": 28921.24999505029, "50%": 41620.50001285192, "mean": 58525.66120179683, "75%": 94231.99997489463, "max": 154285.99997932755}, "7": {"min": 11618.000000825168, "25%": 32530.00001494674, "50%": 43639.9999808957, "mean": 60593.802299662784, "75%": 92366.24989411018, "max": 149847.99991190262}, "8": {"min": 11844.000000717888, "25%": 33088.000002090455,