{"polsby_popper_scores": {"13": 0.21165396747846196, "5": 0.16677104680202182, "9": 0.239828229597566, "11": 0.1860255168230456, "3": 0.21672085593642668, "1": 0.19392795640377566, "7": 0.17936453416948378, "8": 0.15696107613547092, "10": 0.240461072310569, "4": 0.23454832703843315, "6": 0.20648445081752123, "12": 0.1888574742146736, "2": 0.28700754358751307}, "rep_splits": {"13": 0.30530499150375895, "5": 0.47708655022152885, "9": 0.5533872108716574, "11": 0.5770844792077869, "3": 0.5806868014365735, "1": 0.40664621158709663, "7": 0.5684412600316224, "8": 0.504461386571501, "10": 0.548058782065552, "4": 0.4462113583128479, "6": 0.5950551518211641, "12": 0.5301957336491427, "2": 0.40005002331110634}, "dem_splits": {"13": 0.6946950084962409, "5": 0.5229134497784712, "9": 0.44661278912834246, "11": 0.4229155207922131, "3": 0.4193131985634265, "1": 0.5933537884129033, "7": 0.4315587399683776, "8": 0.49553861342849914, "10": 0.4519412179344479, "4": 0.5537886416871522, "6": 0.40494484817883597, "12": 0.4698042663508572, "2": 0.5999499766888937}, "black_pop": {"13": 200578.07, "5": 174634.72, "9": 156822.35, "11": 122318.93, "3": 185290.47, "1": 191679.32, "7": 114255.57, "8": 140575.19, "10": 142680.0, "4": 245020.35, "6": 110970.94, "12": 74419.31, "2": 160608.78}, "asian_pop": {"13": 22458.93, "5": 13528.69, "9": 9332.29, "11": 14388.93, "3": 8904.28, "1": 26646.65, "7": 9624.29, "8": 18279.83, "10": 14516.12, "4": 12657.19, "6": 12557.19, "12": 11198.18, "2": 32486.43}, "hispanic_pop": {"13": 82729.97, "5": 67461.36, "9": 63713.82, "11": 52648.37, "3": 60027.25, "1": 64199.61, "7": 54810.85, "8": 59855.16, "10": 62896.44, "4": 53999.27, "6": 57284.06, "12": 49572.27, "2": 70921.57}, "white_pop": {"13": 402153.55, "5": 457748.72, "9": 477693.38, "11": 530172.19, "3": 460820.56, "1": 436450.43, "7": 531949.08, "8": 474784.2, "10": 495533.26, "4": 403962.1, "6": 538237.11, "12": 566823.78, "2": 447666.64}, "total_pop": {"13": 741328.12, "5": 729002.71, "9": 736416.38, "11": 736457.99, "3": 733302.81, "1": 738171.4, "7": 731314.19, "8": 735258.62, "10": 730442.81, "4": 732213.8, "6": 732228.74, "12": 729233.06, "2": 730112.37}, "minority_pop": {"13": 305766.97, "5": 255624.77, "9": 229868.46, "11": 189356.23, "3": 254222.0, "1": 282525.58, "7": 178690.71, "8": 218710.18, "10": 220092.56, "4": 311676.81, "6": 180812.19, "12": 135189.76, "2": 264016.78}, "opportunity_reps": 4.923076923076923, "equal_pop": {"0": 25807.25}, "dem_seat_share_percentage": 0.4361538461538461, "dem_vote_share_percentage": 0.5005638507237431, "rep_seat_share_percentage": 0.5638461538461539, "rep_vote_share_percentage": 0.49943614927625674, "black_pop_box_data": {"13": {"min": 84168.0, "25%": 160066.0, "50%": 224768.5, "mean": 200578.07, "75%": 264360.0, "max": 264360.0}, "5": {"min": 56131.0, "25%": 92703.0, "50%": 193737.0, "mean": 174634.72, "75%": 220118.0, "max": 296704.0}, "9": {"min": 127691.0, "25%": 133597.0, "50%": 160399.0, "mean": 156822.35, "75%": 173900.25, "max": 210084.0}, "11": {"min": 26936.0, "25%": 80331.0, "50%": 115499.0, "mean": 122318.93, "75%": 196513.75, "max": 215859.0}, "3": {"min": 131140.0, "25%": 170209.0, "50%": 181362.0, "mean": 185290.47, "75%": 188363.0, "max": 286447.0}, "1": {"min": 121230.0, "25%": 135243.0, "50%": 175983.5, "mean": 191679.32, "75%": 216793.0, "max": 316261.0}, "7": {"min": 27959.0, "25%": 39875.0, "50%": 81785.0, "mean": 114255.57, "75%": 186353.0, "max": 233227.0}, "8": {"min": 28502.0, "25%": 123885.0, "50%": 138839.5, "mean": 140575.19, "75%": 190645.0, "max": 228568.0}, "10": {"min": 66936.0, "25%": 90524.0, "50%": 94305.0, "mean": 142680.0, "75%": 201114.0, "max": 231699.0}, "4": {"min": 188833.0, "25%": 189122.0, "50%": 267005.0, "mean": 245020.35, "75%": 284489.0, "max": 299968.0}, "6": {"min": 56246.0, "25%": 76693.0, "50%": 90171.0, "mean": 110970.94, "75%": 99674.75, "max": 232329.0}, "12": {"min": 27185.0, "25%": 27185.0, "50%": 32304.0, "mean": 74419.31, "75%": 126827.0, "max": 263442.0}, "2": {"min": 146958.0, "25%": 150288.0, "50%": 151337.0, "mean": 160608.78, "75%": 178044.5, "max": 190641.0}}, "asian_pop_box_data": {"13": {"min": 7301.0, "25%": 13944.0, "50%": 26547.5, "mean": 22458.93, "75%": 31044.0, "max": 31258.0}, "5": {"min": 4150.0, "25%": 8535.0, "50%": 10388.0, "mean": 13528.69, "75%": 15262.25, "max": 30524.0}, "9": {"min": 4703.0, "25%": 4798.0, "50%": 7155.0, "mean": 9332.29, "75%": 9962.0, "max": 26796.0}, "11": {"min": 5253.0, "25%": 10106.25, "50%": 16093.0, "mean": 14388.93, "75%": 20424.75, "max": 22033.0}, "3": {"min": 4906.0, "25%": 8484.0, "50%": 8850.0, "mean": 8904.28, "75%": 9559.0, "max": 14453.0}, "1": {"min": 4518.0, "25%": 5227.0, "50%": 25733.0, "mean": 26646.65, "75%": 49205.0, "max": 52147.0}, "7": {"min": 4835.0, "25%": 5193.0, "50%": 10039.0, "mean": 9624.29, "75%": 11647.0, "max": 22201.0}, "8": {"min": 5711.0, "25%": 11857.0, "50%": 17116.0, "mean": 18279.83, "75%": 18792.5, "max": 30969.0}, "10": {"min": 8899.0, "25%": 10416.0, "50%": 11301.0, "mean": 14516.12, "75%": 20637.0, "max": 23816.0}, "4": {"min": 4315.0, "25%": 5582.0, "50%": 5582.0, "mean": 12657.19, "75%": 27435.0, "max": 27435.0}, "6": {"min": 7606.0, "25%": 9938.0, "50%": 10181.5, "mean": 12557.19, "75%": 12353.0, "max": 23601.0}, "12": {"min": 5168.0, "25%": 5447.0, "50%": 6756.5, "mean": 11198.18, "75%": 16602.0, "max": 31013.0}, "2": {"min": 7569.0, "25%": 14288.0, "50%": 43042.0, "mean": 32486.43, "75%": 43240.0, "max": 43240.0}}, "hispanic_pop_box_data": {"13": {"min": 57379.0, "25%": 68932.0, "50%": 79192.5, "mean": 82729.97, "75%": 100215.0, "max": 100215.0}, "5": {"min": 35502.0, "25%": 57945.0, "50%": 64499.0, "mean": 67461.36, "75%": 78508.0, "max": 99099.0}, "9": {"min": 52736.0, "25%": 56092.0, "50%": 62232.0, "mean": 63713.82, "75%": 62710.0, "max": 85982.0}, "11": {"min": 37715.0, "25%": 41387.0, "50%": 54992.0, "mean": 52648.37, "75%": 60753.0, "max": 63046.0}, "3": {"min": 30820.0, "25%": 59728.0, "50%": 64570.0, "mean": 60027.25, "75%": 67544.0, "max": 81517.0}, "1": {"min": 35746.0, "25%": 51627.75, "50%": 72357.0, "mean": 64199.61, "75%": 78028.0, "max": 84057.0}, "7": {"min": 37320.0, "25%": 39881.0, "50%": 42723.0, "mean": 54810.85, "75%": 74568.0, "max": 84064.0}, "8": {"min": 39993.0, "25%": 57450.0, "50%": 59092.0, "mean": 59855.16, "75%": 63249.0, "max": 90395.0}, "10": {"min": 53286.0, "25%": 56411.75, "50%": 62490.0, "mean": 62896.44, "75%": 64986.0, "max": 81027.0}, "4": {"min": 31748.0, "25%": 31748.0, "50%": 39617.0, "mean": 53999.27, "75%": 77004.0, "max": 88725.0}, "6": {"min": 40276.0, "25%": 53404.0, "50%": 58120.0, "mean": 57284.06, "75%": 62313.0, "max": 67448.0}, "12": {"min": 37719.0, "25%": 39847.0, "50%": 40497.0, "mean": 49572.27, "75%": 59700.0, "max": 100014.0}, "2": {"min": 53909.0, "25%": 71282.0, "50%": 72853.0, "mean": 70921.57, "75%": 73068.0, "max": 84103.0}}, "white_pop_box_data": {"13": {"min": 322496.0, "25%": 333182.0, "50%": 395276.0, "mean": 402153.55, "75%": 429892.0, "max": 566303.0}, "5": {"min": 314703.0, "25%": 408954.0, "50%": 416472.0, "mean": 457748.72, "75%": 548166.0, "max": 611604.0}, "9": {"min": 413921.0, "25%": 436630.0, "50%": 471389.5, "mean": 477693.38, "75%": 524500.0, "max": 524500.0}, "11": {"min": 413680.0, "25%": 443490.75, "50%": 528242.0, "mean": 530172.19, "75%": 590552.25, "max": 637265.0}, "3": {"min": 381981.0, "25%": 445530.5, "50%": 458034.0, "mean": 460820.56, "75%": 482936.0, "max": 524362.0}, "1": {"min": 353095.0, "25%": 403464.0, "50%": 435344.5, "mean": 436450.43, "75%": 472371.0, "max": 501752.0}, "7": {"min": 404310.0, "25%": 429246.0, "50%": 579552.0, "mean": 531949.08, "75%": 620389.0, "max": 636000.0}, "8": {"min": 370071.0, "25%": 426986.0, "50%": 446733.5, "mean": 474784.2, "75%": 473534.0, "max": 636205.0}, "10": {"min": 396861.0, "25%": 430512.0, "50%": 538742.0, "mean": 495533.26, "75%": 567799.0, "max": 589268.0}, "4": {"min": 376269.0, "25%": 388460.0, "50%": 401328.0, "mean": 403962.1, "75%": 427114.0,