{"thresholds": {"SAFE_SEAT_THRESHOLD": 0.66, "MINORITY_POP_THRESHOLD": 0.5, "RACE_WINNER_THRESHOLD": 0.5, "OPPORTUNITY_REP_COUNT": 3}, "polsby_popper_scores": {"13": NaN, "5": NaN, "9": NaN, "11": NaN, "3": NaN, "1": NaN, "7": NaN, "8": NaN, "10": NaN, "4": NaN, "6": NaN, "12": NaN, "2": NaN}, "rep_splits": {"13": 0.4576780230499737, "5": 0.5683794877672992, "9": 0.48023069936443596, "11": 0.5860052079903657, "3": 0.5828748487738632, "1": 0.4437965131044517, "7": 0.5696604407326643, "8": 0.5246714626664213, "10": 0.6107575102994907, "4": 0.43575734637975555, "6": 0.491236381234484, "12": 0.29883367494607704, "2": 0.4639257057901831}, "dem_splits": {"13": 0.5423219769500263, "5": 0.4316205122327008, "9": 0.519769300635564, "11": 0.4139947920096343, "3": 0.4171251512261368, "1": 0.5562034868955484, "7": 0.4303395592673358, "8": 0.4753285373335786, "10": 0.3892424897005094, "4": 0.5642426536202444, "6": 0.508763618765516, "12": 0.7011663250539228, "2": 0.5360742942098169}, "black_pop": {"13": NaN, "5": NaN, "9": NaN, "11": NaN, "3": NaN, "1": NaN, "7": NaN, "8": NaN, "10": NaN, "4": NaN, "6": NaN, "12": NaN, "2": NaN}, "asian_pop": {"13": NaN, "5": NaN, "9": NaN, "11": NaN, "3": NaN, "1": NaN, "7": NaN, "8": NaN, "10": NaN, "4": NaN, "6": NaN, "12": NaN, "2": NaN}, "hispanic_pop": {"13": NaN, "5": NaN, "9": NaN, "11": NaN, "3": NaN, "1": NaN, "7": NaN, "8": NaN, "10": NaN, "4": NaN, "6": NaN, "12": NaN, "2": NaN}, "white_pop": {"13": NaN, "5": NaN, "9": NaN, "11": NaN, "3": NaN, "1": NaN, "7": NaN, "8": NaN, "10": NaN, "4": NaN, "6": NaN, "12": NaN, "2": NaN}, "total_pop": {"13": NaN, "5": NaN, "9": NaN, "11": NaN, "3": NaN, "1": NaN, "7": NaN, "8": NaN, "10": NaN, "4": NaN, "6": NaN, "12": NaN, "2": NaN}, "minority_pop": {"13": NaN, "5": NaN, "9": NaN, "11": NaN, "3": NaN, "1": NaN, "7": NaN, "8": NaN, "10": NaN, "4": NaN, "6": NaN, "12": NaN, "2": NaN}, "opportunity_reps": {"1": 0, "2": 0, "3": 12, "4": 0, "5": 0, "6": 0, "7": 0, "8": 0, "9": 0, "10": 0, "11": 0, "12": 22, "13": 0}, "equal_pop": {"0": 24896.86}, "dem_seat_share_percentage": 0.33692307692307694, "dem_vote_share_percentage": 0.4989378998385027, "rep_seat_share_percentage": 0.6630769230769231, "rep_vote_share_percentage": 0.5010621001614973, "black_pop_box_data": {"13": {"min": NaN, "25%": NaN, "50%": NaN, "mean": NaN, "75%": NaN, "max": NaN}, "5": {"min": NaN, "25%": NaN, "50%": NaN, "mean": NaN, "75%": NaN, "max": NaN}, "9": {"min": NaN, "25%": NaN, "50%": NaN, "mean": NaN, "75%": NaN, "max": NaN}, "11": {"min": NaN, "25%": NaN, "50%": NaN, "mean": NaN, "75%": NaN, "max": NaN}, "3": {"min": NaN, "25%": NaN, "50%": NaN, "mean": NaN, "75%": NaN, "max": NaN}, "1": {"min": NaN, "25%": NaN, "50%": NaN, "mean": NaN, "75%": NaN, "max": NaN}, "7": {"min": NaN, "25%": NaN, "50%": NaN, "mean": NaN, "75%": NaN, "max": NaN}, "8": {"min": NaN, "25%": NaN, "50%": NaN, "mean": NaN, "75%": NaN, "max": NaN}, "10": {"min": NaN, "25%": NaN, "50%": NaN, "mean": NaN, "75%": NaN, "max": NaN}, "4": {"min": NaN, "25%": NaN, "50%": NaN, "mean": NaN, "75%": NaN, "max": NaN}, "6": {"min": NaN, "25%": NaN, "50%": NaN, "mean": NaN, "75%": NaN, "max": NaN}, "12": {"min": NaN, "25%": NaN, "50%": NaN, "mean": NaN, "75%": NaN, "max": NaN}, "2": {"min": NaN, "25%": NaN, "50%": NaN, "mean": NaN, "75%": NaN, "max": NaN}}, "asian_pop_box_data": {"13": {"min": NaN, "25%": NaN, "50%": NaN, "mean": NaN, "75%": NaN, "max": NaN}, "5": {"min": NaN, "25%": NaN, "50%": NaN, "mean": NaN, "75%": NaN, "max": NaN}, "9": {"min": NaN, "25%": NaN, "50%": NaN, "mean": NaN, "75%": NaN, "max": NaN}, "11": {"min": NaN, "25%": NaN, "50%": NaN, "mean": NaN, "75%": NaN, "max": NaN}, "3": {"min": NaN, "25%": NaN, "50%": NaN, "mean": NaN, "75%": NaN, "max": NaN}, "1": {"min": NaN, "25%": NaN, "50%": NaN, "mean": NaN, "75%": NaN, "max": NaN}, "7": {"min": NaN, "25%": NaN, "50%": NaN, "mean": NaN, "75%": NaN, "max": NaN}, "8": {"min": NaN, "25%": NaN, "50%": NaN, "mean": NaN, "75%": NaN, "max": NaN}, "10": {"min": NaN, "25%": NaN, "50%": NaN, "mean": NaN, "75%": NaN, "max": NaN}, "4": {"min": NaN, "25%": NaN, "50%": NaN, "mean": NaN, "75%": NaN, "max": NaN}, "6": {"min": NaN, "25%": NaN, "50%": NaN, "mean": NaN, "75%": NaN, "max": NaN}, "12": {"min": NaN, "25%": NaN, "50%": NaN, "mean": NaN, "75%": NaN, "max": NaN}, "2": {"min": NaN, "25%": NaN, "50%": NaN, "mean": NaN, "75%": NaN, "max": NaN}}, "hispanic_pop_box_data": {"13": {"min": NaN, "25%": NaN, "50%": NaN, "mean": NaN, "75%": NaN, "max": NaN}, "5": {"min": NaN, "25%": NaN, "50%": NaN, "mean": NaN, "75%": NaN, "max": NaN}, "9": {"min": NaN, "25%": NaN, "50%": NaN, "mean": NaN, "75%": NaN, "max": NaN}, "11": {"min": NaN, "25%": NaN, "50%": NaN, "mean": NaN, "75%": NaN, "max": NaN}, "3": {"min": NaN, "25%": NaN, "50%": NaN, "mean": NaN, "75%": NaN, "max": NaN}, "1": {"min": NaN, "25%": NaN, "50%": NaN, "mean": NaN, "75%": NaN, "max": NaN}, "7": {"min": NaN, "25%": NaN, "50%": NaN, "mean": NaN, "75%": NaN, "max": NaN}, "8": {"min": NaN, "25%": NaN, "50%": NaN, "mean": NaN, "75%": NaN, "max": NaN}, "10": {"min": NaN, "25%": NaN, "50%": NaN, "mean": NaN, "75%": NaN, "max": NaN}, "4": {"min": NaN, "25%": NaN, "50%": NaN, "mean": NaN, "75%": NaN, "max": NaN}, "6": {"min": NaN, "25%": NaN, "50%": NaN, "mean": NaN, "75%": NaN, "max": NaN}, "12": {"min": NaN, "25%": NaN, "50%": NaN, "mean": NaN, "75%": NaN, "max": NaN}, "2": {"min": NaN, "25%": NaN, "50%": NaN, "mean": NaN, "75%": NaN, "max": NaN}}, "white_pop_box_data": {"13": {"min": NaN, "25%": NaN, "50%": NaN, "mean": NaN, "75%": NaN, "max": NaN}, "5": {"min": NaN, "25%": NaN, "50%": NaN, "mean": NaN, "75%": NaN, "max": NaN}, "9": {"min": NaN, "25%": NaN, "50%": NaN, "mean": NaN, "75%": NaN, "max": NaN}, "11": {"min": NaN, "25%": NaN, "50%": NaN, "mean": NaN, "75%": NaN, "max": NaN}, "3": {"min": NaN, "25%": NaN, "50%": NaN, "mean": NaN, "75%": NaN, "max": NaN}, "1": {"min": NaN, "25%": NaN, "50%": NaN, "mean": NaN, "75%": NaN, "max": NaN}, "7": {"min": NaN, "25%": NaN, "50%": NaN, "mean": NaN, "75%": NaN, "max": NaN}, "8": {"min": NaN, "25%": NaN, "50%": NaN, "mean": NaN, "75%": NaN, "max": NaN}, "10": {"min": NaN, "25%": NaN, "50%": NaN, "mean": NaN, "75%": NaN, "max": NaN}, "4": {"min": NaN, "25%": NaN, "50%": NaN, "mean": NaN, "75%": NaN, "max": NaN}, "6": {"min": NaN, "25%": NaN, "50%": NaN, "mean": NaN, "75%": NaN, "max": NaN}, "12": {"min": NaN, "25%": NaN, "50%": NaN, "mean": NaN, "75%": NaN, "max": NaN}, "2": {"min": NaN, "25%": NaN, "50%": NaN, "mean": NaN, "75%": NaN, "max": NaN}}, "total_pop_box_data": {"13": {"min": NaN, "25%": NaN, "50%": NaN, "mean": NaN, "75%": NaN, "max": NaN}, "5": {"min": NaN, "25%": NaN, "50%": NaN, "mean": NaN, "75%": NaN, "max": NaN}, "9": {"min": NaN, "25%": NaN, "50%": NaN, "mean": NaN, "75%": NaN, "max": NaN}, "11": {"min": NaN, "25%": NaN, "50%": NaN, "mean": NaN, "75%": NaN, "max": NaN}, "3": {"min": NaN, "25%": NaN, "50%": NaN, "mean": NaN, "75%": NaN, "max": NaN}, "1": {"min": NaN, "25%": NaN, "50%": NaN, "mean": NaN, "75%": NaN, "max": NaN}, "7": {"min": NaN, "25%": NaN, "50%": NaN, "mean": NaN, "75%": NaN, "max": NaN}, "8": {"min": NaN, "25%": NaN, "50%": NaN, "mean": NaN, "75%": NaN, "max": NaN}, "10": {"min": NaN, "25%": NaN, "50%": NaN, "mean": NaN, "75%": NaN, "max": NaN}, "4": {"min": NaN, "25%": NaN, "50%": NaN, "mean": NaN, "75%": NaN, "max": NaN}, "6": {"min": NaN, "25%": NaN, "50%": NaN, "mean": NaN, "75%": NaN, "max": NaN}, "12": {"min": NaN, "25%": NaN, "50%": NaN, "mean": NaN, "75%": NaN, "max": NaN}, "2": {"min": NaN, "25%": NaN, "50%": NaN, "mean": NaN, "75%": NaN, "max": NaN}}, "unique_plans_data": {"democrat split > .90": {"blk_pop": {"13": NaN, "5": NaN, "9": NaN, "11": NaN, "3": NaN, "1": NaN, "7": NaN, "8": NaN, "10": NaN, "4": NaN, "6": NaN, "12": NaN, "2": NaN}, "asn_pop": {"13": NaN, "5": NaN, "9": NaN, "11": NaN, "3": NaN, "1": NaN, "7": NaN, "8": NaN, "10": NaN, "4": NaN, "6": NaN, "12": NaN, "2": NaN}, "hsp_pop": {"13": NaN, "5": NaN, "9": NaN, "11": NaN, "3": NaN,