{
    "all_data": {
        "chain1": {
            "polsby_popper_scores": {
                "1": 0.2270298638945519
            },
            "dem_splits": {
                "1": 0.284474190226664
            },
            "rep_splits": {
                "1": 0.715525809773336
            },
            "black_pop": {
                "1": 25956.088983031474
            },
            "asian_pop": {
                "1": 54168.714859225256
            },
            "hispanic_pop": {
                "1": 358356.5577240297
            },
            "white_pop": {
                "1": 2221869.3897179137
            },
            "total_pop": {
                "1": 2764056.0566752497
            },
            "minority_pop": {
                "1": 438481.3615662864
            },
            "opportunity_reps_count": 1.0,
            "opportunity_reps": {
                "1": 0
            },
            "equal_pop": {
                "1": 0.0
            },
            "dem_vote_share_percentage": 0.284474190226664,
            "dem_seat_share_percentage": 0.0,
            "rep_vote_share_percentage": 0.715525809773336,
            "rep_seat_share_percentage": 1.0,
            "black_pop_box_data": {
                "1": {
                    "min": 25956.088983031474,
                    "25%": 25956.088983031474,
                    "50%": 25956.088983031474,
                    "mean": 25956.088983031474,
                    "75%": 25956.088983031474,
                    "max": 25956.088983031474
                }
            },
            "asian_pop_box_data": {
                "1": {
                    "min": 54168.714859225256,
                    "25%": 54168.714859225256,
                    "50%": 54168.714859225256,
                    "mean": 54168.714859225256,
                    "75%": 54168.714859225256,
                    "max": 54168.714859225256
                }
            },
            "hispanic_pop_box_data": {
                "1": {
                    "min": 358356.5577240297,
                    "25%": 358356.5577240297,
                    "50%": 358356.5577240297,
                    "mean": 358356.5577240297,
                    "75%": 358356.5577240297,
                    "max": 358356.5577240297
                }
            },
            "white_pop_box_data": {
                "1": {
                    "min": 2221869.3897179137,
                    "25%": 2221869.3897179137,
                    "50%": 2221869.3897179137,
                    "mean": 2221869.3897179137,
                    "75%": 2221869.3897179137,
                    "max": 2221869.3897179137
                }
            },
            "total_pop_box_data": {
                "1": {
                    "min": 2764056.0566752497,
                    "25%": 2764056.0566752497,
                    "50%": 2764056.0566752497,
                    "mean": 2764056.0566752497,
                    "75%": 2764056.0566752497,
                    "max": 2764056.0566752497
                }
            },
            "chain1_dem_seats": {
                "1": {
                    "0": 0
                }
            },
            "chain1_rep_seats": {
                "1": {
                    "0": 4
                }
            }
        },
        "unique_plans_data": {
            "High Republican Concentration In District - chain1": {
                "blk_pop": {
                    "1": 25956.088983031474
                },
                "asn_pop": {
                    "1": 54168.714859225256
                },
                "hsp_pop": {
                    "1": 358356.5577240297
                },
                "wt_pop": {
                    "1": 2221869.3897179137
                },
                "tot_pop": {
                    "1": 2764056.0566752497
                },
                "minority_pop": {
                    "1": 438481.3615662864
                },
                "dem_split": {
                    "0": 0.284474190226664
                },
                "rep_split": {
                    "0": 0.715525809773336
                },
                "safe_districts": 1,
                "opportunity_reps": 0,
                "polsby_popper_scores": {
                    "1": 0.2270298638945519
                }
            },
            "Large Difference Between Democrat Vote Share and Seat Share - chain1": {
                "blk_pop": {
                    "1": 25956.088983031474
                },
                "asn_pop": {
                    "1": 54168.714859225256
                },
                "hsp_pop": {
                    "1": 358356.5577240297
                },
                "wt_pop": {
                    "1": 2221869.3897179137
                },
                "tot_pop": {
                    "1": 2764056.0566752497
                },
                "minority_pop": {
                    "1": 438481.3615662864
                },
                "dem_split": {
                    "0": 0.284474190226664
                },
                "rep_split": {
                    "0": 0.715525809773336
                },
                "safe_districts": 1,
                "opportunity_reps": 0,
                "polsby_popper_scores": {
                    "1": 0.2270298638945519
                }
            },
            "Large Difference Between Republican Vote Share and Seat Share - chain1": {
                "blk_pop": {
                    "1": 25956.088983031474
                },
                "asn_pop": {
                    "1": 54168.714859225256
                },
                "hsp_pop": {
                    "1": 358356.5577240297
                },
                "wt_pop": {
                    "1": 2221869.3897179137
                },
                "tot_pop": {
                    "1": 2764056.0566752497
                },
                "minority_pop": {
                    "1": 438481.3615662864
                },
                "dem_split": {
                    "0": 0.284474190226664
                },
                "rep_split": {
                    "0": 0.715525809773336
                },
                "safe_districts": 1,
                "opportunity_reps": 0,
                "polsby_popper_scores": {
                    "1": 0.2270298638945519
                }
            }
        },
        "bar_data": {
            "opportunity_reps": {
                "chain1": {
                    "opportunity_reps": {
                        "1": 0
                    }
                }
            },
            "rep_total_count": {
                "0": 0,
                "1": 0,
                "2": 0,
                "3": 0,
                "4": 4
            },
            "dem_total_count": {
                "0": 4,
                "1": 0,
                "2": 0,
                "3": 0,
                "4": 0
            }
        }
    }
}