{
  "analysis": {
    "state": "North Carolina",


    
    "avg_polsby_popper_scores": 0.19264715028091303,
    "avg_rep_splits": 0.5019224276802722,
    "avg_dem_splits": 0.4980775723197278,
    "avg_black_pop": 155373.38461538465,
    "avg_asian_pop": 15890.692307692309,
    "avg_hispanic_pop": 61547.692307692305,
    "avg_white_pop": 478768.8461538461,
    "avg_total_pop": 733498.6923076923,
    "avg_minority_pop": 232811.76923076928,
    "opportunity_reps": 0.0,
    "equal_pop": { "0": 25588.9375 },
    "dem_seat_share_percentage": 0.4319461538461539,
    "dem_vote_share_percentage": 0.49807757231972793,
    "rep_seat_share_percentage": 0.5680538461538461,
    "rep_vote_share_percentage": 0.5019224276802721,


    "voteSeatSharePlots" : [],
    "demRepSplits": [],
    "opportunityRepCounts": [],
    "SMDBoxAndWhiskerPlots": {
      "BLACK": {
        "13": {
          "min": 25879.0,
          "25%": 105519.25,
          "50%": 156914.0,
          "mean": 150790.1762,
          "75%": 198106.0,
          "max": 303215.0
        },
        "5": {
          "min": 25092.0,
          "25%": 120155.0,
          "50%": 163860.0,
          "mean": 155661.7046,
          "75%": 199474.0,
          "max": 306407.0
        },
        "9": {
          "min": 25897.0,
          "25%": 132382.5,
          "50%": 167359.0,
          "mean": 162467.0349,
          "75%": 200632.0,
          "max": 315419.0
        },
        "11": {
          "min": 23409.0,
          "25%": 81696.0,
          "50%": 149308.0,
          "mean": 135145.6957,
          "75%": 182245.0,
          "max": 309661.0
        },
        "3": {
          "min": 24983.0,
          "25%": 126374.0,
          "50%": 164322.0,
          "mean": 159826.8004,
          "75%": 197174.0,
          "max": 307119.0
        },
        "1": {
          "min": 19566.0,
          "25%": 124052.0,
          "50%": 169890.0,
          "mean": 164789.5385,
          "75%": 206345.0,
          "max": 316312.0
        },
        "7": {
          "min": 25990.0,
          "25%": 110659.0,
          "50%": 161545.0,
          "mean": 152337.5889,
          "75%": 196110.0,
          "max": 316740.0
        },
        "8": {
          "min": 28068.0,
          "25%": 139779.0,
          "50%": 169502.0,
          "mean": 169070.907,
          "75%": 202960.0,
          "max": 307109.0
        },
        "10": {
          "min": 25509.0,
          "25%": 127267.0,
          "50%": 164266.0,
          "mean": 160503.3271,
          "75%": 200096.0,
          "max": 304121.0
        },
        "4": {
          "min": 25785.0,
          "25%": 107932.0,
          "50%": 160364.0,
          "mean": 148640.883,
          "75%": 194582.0,
          "max": 301268.0
        },
        "6": {
          "min": 24158.0,
          "25%": 101370.0,
          "50%": 157350.0,
          "mean": 146309.0663,
          "75%": 191423.0,
          "max": 303804.0
        },
        "12": {
          "min": 27310.0,
          "25%": 131417.0,
          "50%": 170805.0,
          "mean": 163461.7739,
          "75%": 200111.0,
          "max": 307520.0
        },
        "2": {
          "min": 27564.0,
          "25%": 112836.0,
          "50%": 159442.0,
          "mean": 150849.5035,
          "75%": 191143.75,
          "max": 309330.0
        }
      },
      "ASIAN": {
        "13": {
          "min": 3352.0,
          "25%": 7578.0,
          "50%": 11382.0,
          "mean": 15212.7748,
          "75%": 20328.0,
          "max": 56773.0
        },
        "5": {
          "min": 4246.0,
          "25%": 7193.0,
          "50%": 11175.0,
          "mean": 15108.8547,
          "75%": 20033.0,
          "max": 54036.0
        },
        "9": {
          "min": 3374.0,
          "25%": 8424.0,
          "50%": 13449.0,
          "mean": 16903.3139,
          "75%": 22210.0,
          "max": 55785.0
        },
        "11": {
          "min": 3954.0,
          "25%": 7805.25,
          "50%": 13097.0,
          "mean": 16386.0296,
          "75%": 22975.0,
          "max": 54654.0
        },
        "3": {
          "min": 3846.0,
          "25%": 7814.0,
          "50%": 11879.0,
          "mean": 15920.7771,
          "75%": 20118.0,
          "max": 53940.0
        },
        "1": {
          "min": 4021.0,
          "25%": 6609.0,
          "50%": 10021.0,
          "mean": 14124.7444,
          "75%": 18539.0,
          "max": 55015.0
        },
        "7": {
          "min": 4202.0,
          "25%": 7233.75,
          "50%": 11070.5,
          "mean": 15477.8413,
          "75%": 20281.0,
          "max": 54091.0
        },
        "8": {
          "min": 4169.0,
          "25%": 8501.0,
          "50%": 13766.0,
          "mean": 17115.0242,
          "75%": 22181.0,
          "max": 54644.0
        },
        "10": {
          "min": 4158.0,
          "25%": 7911.0,
          "50%": 12592.5,
          "mean": 16408.1329,
          "75%": 21450.0,
          "max": 55999.0
        },
        "4": {
          "min": 4296.0,
          "25%": 8071.0,
          "50%": 12487.0,
          "mean": 16752.3103,
          "75%": 23415.0,
          "max": 55325.0
        },
        "6": {
          "min": 3345.0,
          "25%": 7950.0,
          "50%": 11677.0,
          "mean": 15948.784,
          "75%": 21092.0,
          "max": 55226.0
        },
        "12": {
          "min": 4316.0,
          "25%": 7750.0,
          "50%": 11601.0,
          "mean": 15913.5728,
          "75%": 21029.0,
          "max": 55268.0
        },
        "2": {
          "min": 4126.0,
          "25%": 7199.0,
          "50%": 11580.0,
          "mean": 15306.84,
          "75%": 20183.0,
          "max": 53798.0
        }
      },
      "HISPANIC": {
        "13": {
          "min": 30354.0,
          "25%": 44871.0,
          "50%": 61328.0,
          "mean": 60128.7161,
          "75%": 71508.0,
          "max": 101032.0
        },
        "5": {
          "min": 31332.0,
          "25%": 49511.0,
          "50%": 61941.0,
          "mean": 61093.9822,
          "75%": 72395.0,
          "max": 99627.0
        },
        "9": {
          "min": 29647.0,
          "25%": 51823.0,
          "50%": 65033.0,
          "mean": 63869.3935,
          "75%": 75474.0,
          "max": 101059.0
        },
        "11": {
          "min": 28790.0,
          "25%": 44530.0,
          "50%": 61000.0,
          "mean": 61048.6783,
          "75%": 73194.0,
          "max": 99155.0
        },
        "3": {
          "min": 29349.0,
          "25%": 50016.0,
          "50%": 62482.0,
          "mean": 61818.9965,
          "75%": 72718.0,
          "max": 100265.0
        },
        "1": {
          "min": 28825.0,
          "25%": 45203.0,
          "50%": 60442.5,
          "mean": 59842.8484,
          "75%": 72282.0,
          "max": 99547.0
        },
        "7": {
          "min": 30880.0,
          "25%": 45811.0,
          "50%": 61747.0,
          "mean": 60373.0769,
          "75%": 71882.0,
          "max": 101070.0
        },
        "8": {
          "min": 30945.0,
          "25%": 53174.0,
          "50%": 65158.0,
          "mean": 64151.0348,
          "75%": 74440.0,
          "max": 100337.0
        },
        "10": {
          "min": 29223.0,
          "25%": 52074.0,
          "50%": 64090.0,
          "mean": 62373.49,
          "75%": 72091.0,
          "max": 101871.0
        },
        "4": {
          "min": 29822.0,
          "25%": 47368.0,
          "50%": 63668.5,
          "mean": 62353.378,
          "75%": 73867.0,
          "max": 103033.0
        },
        "6": {
          "min": 30672.0,
          "25%": 46314.0,
          "50%": 60404.0,
          "mean": 60578.9314,
          "75%": 71557.0,
          "max": 103963.0
        },
        "12": {
          "min": 30253.0,
          "25%": 49668.0,
          "50%": 63281.0,
          "mean": 62278.0693,
          "75%": 73615.0,
          "max": 100148.0
        },