{"polsby_popper_scores": {"13": 0.19432690858158946, "5": 0.19067062674558524, "9": 0.1910019040676945, "11": 0.19474679038291842, "3": 0.19223927048638936, "1": 0.19782707358717835, "7": 0.19380548309820045, "8": 0.18817815978929595, "10": 0.18876796069848611, "4": 0.1931606377398913, "6": 0.1920914726160689, "12": 0.19204738830377388, "2": 0.19554927755479715}, "rep_splits": {"0": 0.4840527290038559, "1": 0.5092223913921097, "2": 0.4939523812220961, "3": 0.4980466470787415, "4": 0.5053779849005916, "5": 0.49212578537802965, "6": 0.5039626777287227, "7": 0.4993022271211258, "8": 0.5106277580573804, "9": 0.5007299006632137, "10": 0.5059217137272913, "11": 0.5055888000322579, "12": 0.508818221580351}, "dem_splits": {"0": 0.49594118789328395, "1": 0.49386296408569585, "2": 0.5046361511094307, "3": 0.5009177123366828, "4": 0.49410474979017055, "5": 0.5091853509741191, "6": 0.49026340542323704, "7": 0.497691577687279, "8": 0.48683661837868886, "9": 0.5026507090452875, "10": 0.49596540576060777, "11": 0.5071683561148329, "12": 0.5000224766744714}, "black_pop": {"13": 158996.7616, "5": 142968.0094, "9": 141350.8093, "11": 152504.3103, "3": 157549.1078, "1": 150764.0738, "7": 158771.708, "8": 166910.6707, "10": 156899.6599, "4": 146927.4575, "6": 170073.6018, "12": 160837.804, "2": 155300.0259}, "asian_pop": {"13": 16171.6519, "5": 15216.0807, "9": 15735.8437, "11": 15808.5931, "3": 15809.5203, "1": 15816.2102, "7": 16515.0238, "8": 15793.1995, "10": 16252.7251, "4": 15947.6962, "6": 15497.7098, "12": 16028.4796, "2": 15986.2661}, "hispanic_pop": {"13": 60446.3426, "5": 62935.6442, "9": 61818.2083, "11": 61343.7087, "3": 60521.9464, "1": 62313.8611, "7": 61493.6856, "8": 61140.0252, "10": 61781.7983, "4": 60506.9642, "6": 61033.4645, "12": 61152.7777, "2": 63631.5732}, "white_pop": {"13": 471056.0266, "5": 462359.384, "9": 487121.4984, "11": 475071.5183, "3": 484377.7576, "1": 468034.4549, "7": 487731.6648, "8": 476872.5206, "10": 479957.1618, "4": 480549.2117, "6": 485891.6677, "12": 498491.5269, "2": 466480.6067}, "total_pop": {"13": 733039.1468, "5": 732937.6606, "9": 733897.5422, "11": 734789.1997, "3": 733607.8137, "1": 732994.1479, "7": 733321.1836, "8": 733834.0697, "10": 733204.2414, "4": 734324.8095, "6": 732452.5051, "12": 733758.3612, "2": 733322.3186}, "minority_pop": {"13": 235614.7561, "5": 221119.7343, "9": 218904.8613, "11": 229656.6121, "3": 233880.5745, "1": 228894.1451, "7": 236780.4174, "8": 243843.8954, "10": 234934.1833, "4": 223382.1179, "6": 246604.7761, "12": 238019.0613, "2": 234917.8652}, "equal_pop": {"0": 25538.9085}, "dem_vote_share": {"0": 0.4942683456787696, "1": 0.49757804838721015, "2": 0.5101662726270328, "3": 0.494838520440922, "4": 0.4995711053684685, "5": 0.5011865162661263, "6": 0.49481144677379013, "7": 0.49919174708131475, "8": 0.4876688433763824, "9": 0.489756885913845, "10": 0.5154405033228665, "11": 0.4997313823788668, "12": 0.495566500597043}, "dem_seat_share": 4258.153846153846, "black_pop_box_data": {"13": {"min": 26708.0, "25%": 125753.25, "50%": 165418.0, "mean": 158996.7616, "75%": 201683.0, "max": 319340.0}, "5": {"min": 24265.0, "25%": 97703.0, "50%": 150083.5, "mean": 142968.0094, "75%": 192237.0, "max": 301352.0}, "9": {"min": 23506.0, "25%": 84275.0, "50%": 145740.0, "mean": 141350.8093, "75%": 193828.0, "max": 312658.0}, "11": {"min": 24368.0, "25%": 115998.0, "50%": 160344.0, "mean": 152504.3103, "75%": 192412.0, "max": 311279.0}, "3": {"min": 26542.0, "25%": 127474.0, "50%": 162350.0, "mean": 157549.1078, "75%": 196471.0, "max": 313884.0}, "1": {"min": 26283.0, "25%": 110053.0, "50%": 160679.0, "mean": 150764.0738, "75%": 194060.0, "max": 316261.0}, "7": {"min": 24382.0, "25%": 124535.0, "50%": 162453.0, "mean": 158771.708, "75%": 198348.0, "max": 306386.0}, "8": {"min": 25282.0, "25%": 128160.0, "50%": 170638.0, "mean": 166910.6707, "75%": 208707.0, "max": 304122.0}, "10": {"min": 26466.0, "25%": 120348.0, "50%": 162365.0, "mean": 156899.6599, "75%": 199592.0, "max": 305325.0}, "4": {"min": 24148.0, "25%": 99349.0, "50%": 154556.5, "mean": 146927.4575, "75%": 195450.0, "max": 312746.0}, "6": {"min": 27413.0, "25%": 132536.0, "50%": 175040.0, "mean": 170073.6018, "75%": 210341.0, "max": 308697.0}, "12": {"min": 25551.0, "25%": 124952.0, "50%": 164841.0, "mean": 160837.804, "75%": 204407.0, "max": 315453.0}, "2": {"min": 24389.0, "25%": 115833.0, "50%": 161366.0, "mean": 155300.0259, "75%": 199889.25, "max": 307302.0}}, "asian_pop_box_data": {"13": {"min": 3824.0, "25%": 8052.0, "50%": 12541.0, "mean": 16171.6519, "75%": 21589.0, "max": 56152.0}, "5": {"min": 4228.0, "25%": 7225.0, "50%": 10937.5, "mean": 15216.0807, "75%": 20861.25, "max": 53352.0}, "9": {"min": 4151.0, "25%": 8035.0, "50%": 11448.0, "mean": 15735.8437, "75%": 20692.0, "max": 53962.0}, "11": {"min": 3912.0, "25%": 7226.0, "50%": 10662.0, "mean": 15808.5931, "75%": 21235.0, "max": 54461.0}, "3": {"min": 4596.0, "25%": 7559.0, "50%": 11730.0, "mean": 15809.5203, "75%": 21918.0, "max": 52163.0}, "1": {"min": 4168.0, "25%": 7428.0, "50%": 11858.0, "mean": 15816.2102, "75%": 21729.0, "max": 55270.0}, "7": {"min": 4011.0, "25%": 7840.0, "50%": 12152.0, "mean": 16515.0238, "75%": 22562.0, "max": 54036.0}, "8": {"min": 4240.0, "25%": 8270.0, "50%": 12328.0, "mean": 15793.1995, "75%": 22156.25, "max": 54107.0}, "10": {"min": 4055.0, "25%": 8325.5, "50%": 11993.0, "mean": 16252.7251, "75%": 21554.0, "max": 54157.0}, "4": {"min": 4052.0, "25%": 7036.0, "50%": 11559.5, "mean": 15947.6962, "75%": 21346.0, "max": 53626.0}, "6": {"min": 3930.0, "25%": 8265.0, "50%": 11859.5, "mean": 15497.7098, "75%": 20459.0, "max": 55513.0}, "12": {"min": 3705.0, "25%": 7205.0, "50%": 11665.0, "mean": 16028.4796, "75%": 21947.0, "max": 53425.0}, "2": {"min": 4051.0, "25%": 7988.0, "50%": 12256.5, "mean": 15986.2661, "75%": 21063.0, "max": 54036.0}}, "hispanic_pop_box_data": {"13": {"min": 29198.0, "25%": 46098.0, "50%": 61461.0, "mean": 60446.3426, "75%": 70672.0, "max": 101140.0}, "5": {"min": 29934.0, "25%": 53086.0, "50%": 64444.0, "mean": 62935.6442, "75%": 72557.0, "max": 102885.0}, "9": {"min": 30449.0, "25%": 48421.0, "50%": 62859.0, "mean": 61818.2083, "75%": 73533.0, "max": 100046.0}, "11": {"min": 31030.0, "25%": 49122.0, "50%": 63427.0, "mean": 61343.7087, "75%": 73047.5, "max": 99584.0}, "3": {"min": 30119.0, "25%": 49087.0, "50%": 61840.5, "mean": 60521.9464, "75%": 70647.0, "max": 102122.0}, "1": {"min": 30685.0, "25%": 49296.0, "50%": 63845.0, "mean": 62313.8611, "75%": 73779.0, "max": 99973.0}, "7": {"min": 28222.0, "25%": 48594.75, "50%": 62669.0, "mean": 61493.6856, "75%": 73370.0, "max": 98921.0}, "8": {"min": 29963.0, "25%": 48814.0, "50%": 61069.0, "mean": 61140.0252, "75%": 71784.0, "max": 100000.0}, "10": {"min": 28113.0, "25%": 48924.0, "50%": 62626.0, "mean": 61781.7983, "75%": 73519.75, "max": 99913.0}, "4": {"min": 30536.0, "25%": 48093.5, "50%": 60717.0, "mean": 60506.9642, "75%": 71644.0, "max": 99045.0}, "6": {"min": 30000.0, "25%": 49115.0, "50%": 61847.0, "mean": 61033.4645, "75%": 71825.0, "max": 101225.0}, "12": {"min": 30539.0, "25%": 48266.5, "50%": 62926.0, "mean": 61152.7777, "75%": 72885.0, "max": 100014.0}, "2": {"min": 31162.0, "25%": 52563.5, "50%": 65385.0, "mean": 63631.5732, "75%": 73806.0, "max": 101506.0}}, "white_pop_box_data": {"13": {"min": 335467.0, "25%": 425932.0, "50%": 453409.0, "mean": 471056.0266, "75%": 505781.0, "max": 643870.0}, "5": {"min": 336077.0, "25%": 423918.5, "50%": 453074.0, "mean": 462359.384, "75%": 493238.0, "max": 653565.0}, "9": {"min": 328162.0, "25%": 427029.0, "50%": 463079.0, "mean": 487121.4984, "75%": 541476.5, "max": 648635.0}, "11": {"min": 333279.0, "25%": 422054.0, "50%": 456490.0, "mean": 475071.5183, "75%": 519322.0, "max": 649415.0}, "3": {"min": 318861.0, "25%": 426447.0, "50%": 465173.0, "mean": 484377.7576, "75%": 533447.0, "max": 650538.0}, "1": {"min": 331004.0, "25%": 421948.0, "50%": 453717.5, "mean": 468034.4549, "75%": 505776.0, "max": 649638.0},