{"thresholds": {"SAFE_SEAT_THRESHOLD": 0.66, "MINORITY_POP_THRESHOLD": 0.5, "RACE_WINNER_THRESHOLD": 0.5, "OPPORTUNITY_REP_COUNT": 1}, "polsby_popper_scores": {"1": 0.19218669400433264, "2": 0.1912346303448897, "3": 0.19422135104817334, "4": 0.1902506410634232}, "rep_splits": {"1": 0.7094806919877634, "2": 0.7138947545679237, "3": 0.7206606999395566, "4": 0.7135532163922952}, "dem_splits": {"1": 0.2905193080122367, "2": 0.28610524543207627, "3": 0.2793393000604435, "4": 0.28644678360770465}, "black_pop": {"1": 6590.32323342211, "2": 6556.1476506518375, "3": 6317.980229887387, "4": 6491.637869070187}, "asian_pop": {"1": 13831.224568823265, "2": 13603.91503872607, "3": 13209.938677486514, "4": 13523.636574189391}, "hispanic_pop": {"1": 90620.95735958025, "2": 89755.88903574029, "3": 88485.93942705078, "4": 89493.77190165842}, "white_pop": {"1": 554178.1650661239, "2": 555014.0803376655, "3": 556932.1895450649, "4": 555744.9547690584}, "total_pop": {"1": 691234.490636137, "2": 690673.3154694082, "3": 690997.4076623278, "4": 691150.8429073761}, "minority_pop": {"1": 111042.50516182564, "2": 109915.95172511818, "3": 108013.85833442469, "4": 109509.046344918}, "opportunity_reps": 0.0, "equal_pop": {"0": 18190.373361688984}, "dem_seat_share_percentage": 0.01375, "dem_vote_share_percentage": 0.2856026592781153, "rep_seat_share_percentage": 0.98625, "rep_vote_share_percentage": 0.7143973407218848, "black_pop_box_data": {"1": {"min": 2515.435122934986, "25%": 3951.4613765681297, "50%": 6593.757226915838, "mean": 6590.32323342211, "75%": 8720.675879158194, "max": 12633.926317581472}, "2": {"min": 2528.494651299045, "25%": 4036.446939519941, "50%": 6601.1806817124325, "mean": 6556.1476506518375, "75%": 8461.237426035175, "max": 12873.152990124549}, "3": {"min": 2532.573247952774, "25%": 3718.447115811602, "50%": 6466.874179931878, "mean": 6317.980229887387, "75%": 8239.980122186858, "max": 13330.85830496252}, "4": {"min": 2553.0190588764617, "25%": 3963.1090471285615, "50%": 6556.509388263228, "mean": 6491.637869070187, "75%": 8491.247066618547, "max": 13226.555418649556}}, "asian_pop_box_data": {"1": {"min": 4164.11792823331, "25%": 9646.189756549722, "50%": 12179.640458296008, "mean": 13831.224568823265, "75%": 18956.03306822585, "max": 25786.102220023426}, "2": {"min": 4592.197050490689, "25%": 9650.099805009808, "50%": 11928.195983441645, "mean": 13603.91503872607, "75%": 18078.20293580916, "max": 26177.56369159403}, "3": {"min": 4158.169111324176, "25%": 9372.590968250513, "50%": 11624.468565127767, "mean": 13209.938677486514, "75%": 17417.73792325344, "max": 25891.992518500272}, "4": {"min": 4309.317221014861, "25%": 9620.010421626705, "50%": 11763.776870675796, "mean": 13523.636574189391, "75%": 18301.561924340785, "max": 26027.7832986898}}, "hispanic_pop_box_data": {"1": {"min": 46392.8304893923, "25%": 71471.68517645227, "50%": 80339.4386396312, "mean": 90620.95735958025, "75%": 107253.05274888083, "max": 159609.38183197792}, "2": {"min": 45929.492510478776, "25%": 70672.52114450856, "50%": 79830.6940420185, "mean": 89755.88903574029, "75%": 104880.84429044888, "max": 162728.83428908282}, "3": {"min": 43708.46344928494, "25%": 70729.80709962892, "50%": 78911.24226768756, "mean": 88485.93942705078, "75%": 101631.32522617464, "max": 158707.6288672555}, "4": {"min": 45365.45069162858, "25%": 71626.53322750985, "50%": 79522.10158279812, "mean": 89493.77190165842, "75%": 102687.75281741969, "max": 159834.71284740276}}, "white_pop_box_data": {"1": {"min": 457803.02241528535, "25%": 529243.505458866, "50%": 568562.7914572317, "mean": 554178.1650661239, "75%": 581613.1721522999, "max": 614961.4295947792}, "2": {"min": 456002.02941190224, "25%": 534129.584185362, "50%": 568680.9892925821, "mean": 555014.0803376655, "75%": 580770.1188017996, "max": 617253.5051177607}, "3": {"min": 454706.05258032365, "25%": 539171.3044821109, "50%": 570606.7992158356, "mean": 556932.1895450649, "75%": 581568.7942200019, "max": 617869.4031465548}, "4": {"min": 455942.17513332475, "25%": 536449.564070208, "50%": 569372.747153718, "mean": 555744.9547690584, "75%": 581416.3898013425, "max": 615828.5792595524}}, "total_pop_box_data": {"1": {"min": 677208.6086775524, "25%": 684829.8778882397, "50%": 691319.2568229656, "mean": 691234.490636137, "75%": 697838.7991035187, "max": 704828.044583735}, "2": {"min": 677214.4973445041, "25%": 684117.5246082537, "50%": 690465.7916128761, "mean": 690673.3154694082, "75%": 697037.4300093597, "max": 704821.0331104124}, "3": {"min": 677210.3152484363, "25%": 684673.5221145668, "50%": 690823.2933867305, "mean": 690997.4076623278, "75%": 697294.5938656675, "max": 704826.5028790245}, "4": {"min": 677262.914265818, "25%": 684870.5429023425, "50%": 691339.0193699783, "mean": 691150.8429073761, "75%": 697313.9941670492, "max": 704815.2199790196}}, "unique_plans_data": {"high vote seat share skew": {"blk_pop": {"1": 5969.901073193207, "2": 6702.742159763856, "3": 2976.6171266214915, "4": 10306.82862345301}, "asn_pop": {"1": 15559.289216353936, "2": 9873.504815557093, "3": 6212.948743888259, "4": 22522.972083426026}, "hsp_pop": {"1": 100203.66446462293, "2": 79410.08685950586, "3": 74178.74432728128, "4": 104564.0620726197}, "wt_pop": {"1": 548995.4541380433, "2": 588045.4295775956, "3": 563948.7638476957, "4": 520879.7421545757}, "tot_pop": {"1": 697292.2916769246, "2": 702987.092245316, "3": 678567.4963760225, "4": 685209.1763769822}, "minority_pop": {"1": 121732.85475417007, "2": 95986.3338348268, "3": 83368.31019779103, "4": 137393.86277949874}, "dem_split": {"1": 0.24671988865605354, "2": 0.22660734473578645, "3": 0.1622262432145754, "4": 0.49127495791108056}, "rep_split": {"1": 0.7532801113439465, "2": 0.7733926552642135, "3": 0.8377737567854247, "4": 0.5087250420889194}, "safe_districts": 3, "opportunity_reps": 0, "polsby_popper_scores": {"1": 0.10053220417025886, "2": 0.15856932318940753, "3": 0.17970090494577312, "4": 0.12100427078154491}}}}