{"thresholds": {"SAFE_SEAT_THRESHOLD": 0.66, "MINORITY_POP_THRESHOLD": 0.5, "RACE_WINNER_THRESHOLD": 0.5, "OPPORTUNITY_REP_COUNT": 1}, "polsby_popper_scores": {"1": 0.2110028429336274, "2": 0.19338629127422674, "3": 0.21223358819088842, "4": 0.18501182751985204}, "rep_splits": {"1": 0.7442613252568039, "2": 0.6578126471798624, "3": 0.7432776862737082, "4": 0.7080571566123762}, "dem_splits": {"1": 0.25573867474319595, "2": 0.3421873528201375, "3": 0.2567223137262918, "4": 0.2919428433876239}, "black_pop": {"1": 5860.9727287454425, "2": 7873.5346012611035, "3": 6035.42422507887, "4": 6186.157427946076}, "asian_pop": {"1": 11038.405970933281, "2": 16524.500958533292, "3": 12199.164312578096, "4": 14406.64361718053}, "hispanic_pop": {"1": 79815.38404816319, "2": 96872.71886846908, "3": 86223.86610076984, "4": 95444.58870662683}, "white_pop": {"1": 567807.7203100598, "2": 546143.0959686096, "3": 563115.2097155717, "4": 544803.3637236714}, "total_pop": {"1": 690047.6285784537, "2": 693288.2347744697, "3": 691789.8926324914, "4": 688930.3006898363}, "minority_pop": {"1": 96714.7627478419, "2": 121270.75442826348, "3": 104458.45463842685, "4": 116037.38975175348}, "opportunity_reps": {"1": 0, "2": 0, "3": 0, "4": 0}, "equal_pop": {"0": 16821.50235784146}, "dem_seat_share_percentage": 0.025, "dem_vote_share_percentage": 0.2866477961693123, "rep_seat_share_percentage": 0.975, "rep_vote_share_percentage": 0.7133522038306876, "black_pop_box_data": {"1": {"min": 2644.894010253783, "25%": 3351.7168180020412, "50%": 6529.426422749594, "mean": 5860.9727287454425, "75%": 6926.378209626262, "max": 11628.514493994775}, "2": {"min": 3481.5715361635985, "25%": 6564.99022251465, "50%": 7657.067199513207, "mean": 7873.5346012611035, "75%": 9785.63341954333, "max": 12108.383625905954}, "3": {"min": 2722.8235096282206, "25%": 4006.8186351513727, "50%": 6630.649499100586, "mean": 6035.42422507887, "75%": 6948.77874274374, "max": 12034.21226934853}, "4": {"min": 2664.0756658409987, "25%": 3055.169963050166, "50%": 4777.02237576755, "mean": 6186.157427946076, "75%": 9180.566821834584, "max": 11794.92987817037}}, "asian_pop_box_data": {"1": {"min": 4581.933398778771, "25%": 7321.204872359836, "50%": 10149.020189069963, "mean": 11038.405970933281, "75%": 12283.778912438096, "max": 24278.207954729445}, "2": {"min": 7405.674036783972, "25%": 10737.169393803306, "50%": 16232.167144484432, "mean": 16524.500958533292, "75%": 20993.935286966196, "max": 25282.014769590955}, "3": {"min": 4481.549600458449, "25%": 9971.4305049055, "50%": 10785.488075679785, "mean": 12199.164312578096, "75%": 13809.431008061767, "max": 24819.31169252617}, "4": {"min": 4489.20803467656, "25%": 7585.290410551271, "50%": 13624.373232181431, "mean": 14406.64361718053, "75%": 20268.196806054395, "max": 24568.6916155824}}, "hispanic_pop_box_data": {"1": {"min": 56690.04519681774, "25%": 67110.09194840373, "50%": 77578.13968140761, "mean": 79815.38404816319, "75%": 79535.58433953073, "max": 144064.25103123952}, "2": {"min": 52146.63677066354, "25%": 78115.76821406529, "50%": 84918.99211708321, "mean": 96872.71886846908, "75%": 118426.58898567285, "max": 159900.48445158987}, "3": {"min": 56461.77104561485, "25%": 70765.05626029048, "50%": 78576.31580605204, "mean": 86223.86610076984, "75%": 93807.15795998805, "max": 154009.2452549919}, "4": {"min": 53657.054789493566, "25%": 68477.95729083587, "50%": 76017.50406805112, "mean": 95444.58870662683, "75%": 134497.85147564954, "max": 149880.55968253358}}, "white_pop_box_data": {"1": {"min": 479774.0137414108, "25%": 571482.0149025914, "50%": 576714.1968185529, "mean": 567807.7203100598, "75%": 582077.1790362193, "max": 599975.4588886319}, "2": {"min": 467006.52287963155, "25%": 513502.3975826865, "50%": 560183.5563991806, "mean": 546143.0959686096, "75%": 580447.3682122079, "max": 606488.5539908116}, "3": {"min": 463349.8300433118, "25%": 552653.4843170965, "50%": 573143.0210543643, "mean": 563115.2097155717, "75%": 581931.213805184, "max": 602732.13842507}, "4": {"min": 468642.8858191145, "25%": 497971.14374724746, "50%": 572496.5431582422, "mean": 544803.3637236714, "75%": 577406.8279935864, "max": 593745.0419885059}}, "total_pop_box_data": {"1": {"min": 677242.7555227038, "25%": 687912.4079677294, "50%": 689746.3708065399, "mean": 690047.6285784537, "75%": 693100.77884083, "max": 701509.2705454229}, "2": {"min": 679270.9908155755, "25%": 688890.6282578212, "50%": 694124.6213051153, "mean": 693288.2347744697, "75%": 697995.6486025803, "max": 704816.2817075653}, "3": {"min": 677409.0509491118, "25%": 685953.1420346524, "50%": 691790.7478866737, "mean": 691789.8926324914, "75%": 696653.5982076804, "max": 704549.501680207}, "4": {"min": 677365.025567983, "25%": 684427.1920356824, "50%": 688592.4499853443, "mean": 688930.3006898363, "75%": 692917.9696592188, "max": 704795.1310045768}}, "unique_plans_data": {"high vote seat share skew": {"blk_pop": {"1": 5249.61697898014, "2": 10244.262294623442, "3": 7341.182342189545, "4": 3121.0273672383623}, "asn_pop": {"1": 15114.418557475996, "2": 20077.686105966764, "3": 11674.366361982353, "4": 7302.243833800091}, "hsp_pop": {"1": 68823.93761241768, "2": 116310.12098716715, "3": 99358.17870757429, "4": 73864.32041686981}, "wt_pop": {"1": 584555.8925977312, "2": 518244.6277853469, "3": 551784.7506268463, "4": 567284.1187079882}, "tot_pop": {"1": 695653.801397946, "2": 696391.7321887501, "3": 691161.0168553429, "4": 680849.5062332122}, "minority_pop": {"1": 89187.97314887382, "2": 146632.06938775734, "3": 118373.7274117462, "4": 84287.59161790827}, "dem_split": {"1": 0.2868182716486871, "2": 0.4279355651348426, "3": 0.2515493527508091, "4": 0.15894238383579834}, "rep_split": {"1": 0.7131817283513129, "2": 0.5720644348651573, "3": 0.748450647249191, "4": 0.8410576161642017}, "safe_districts": 3, "opportunity_reps": {"1": 0, "2": 0, "3": 0, "4": 0}, "polsby_popper_scores": {"1": 0.2308304078924635, "2": 0.20915268473701354, "3": 0.14317621317724324, "4": 0.15217587597313695}}}}