{"thresholds": {"SAFE_SEAT_THRESHOLD": 0.66, "MINORITY_POP_THRESHOLD": 0.4, "RACE_WINNER_THRESHOLD": 0.5, "OPPORTUNITY_REP_COUNT": 1}, "polsby_popper_scores": {"1": 0.18816372205932055, "2": 0.218057437516926, "3": 0.2105740864364709, "4": 0.18449351501204567}, "rep_splits": {"1": 0.6817474514832618, "2": 0.6927697182588196, "3": 0.7711741569651993, "4": 0.7137352412139637}, "dem_splits": {"1": 0.3182525485167382, "2": 0.30723028174118044, "3": 0.22882584303480066, "4": 0.2862647587860363}, "black_pop": {"1": 7212.213758260735, "2": 7176.403781528306, "3": 5562.1497886977, "4": 6005.321654544751}, "asian_pop": {"1": 15152.912465574213, "2": 14838.455724276979, "3": 9933.749751043342, "4": 14243.596918330675}, "hispanic_pop": {"1": 97212.87627278903, "2": 94470.75684662472, "3": 80876.26882449843, "4": 85796.6557801167}, "white_pop": {"1": 543556.8083731112, "2": 549908.8227185848, "3": 572113.8674297576, "4": 556289.8911964588}, "total_pop": {"1": 690567.7379904832, "2": 692119.6995664677, "3": 692328.1168811639, "4": 689040.5022371365}, "minority_pop": {"1": 119578.00249662402, "2": 116485.61635243002, "3": 96372.16836423946, "4": 106045.57435299212}, "opportunity_reps": 0.0, "equal_pop": 0.021627378228228345, "dem_seat_share_percentage": 0.02, "dem_vote_share_percentage": 0.28514335801968893, "dem_split_box_data": {"1": {"min": 0.16114426439594542, "25%": 0.24113022824474975, "50%": 0.26543835757904494, "mean": 0.3182525485167382, "75%": 0.44385066946268686, "max": 0.5003708471840593}, "2": {"min": 0.16077783328849776, "25%": 0.23385601515863647, "50%": 0.2420564503897837, "mean": 0.30723028174118044, "75%": 0.4658720034109948, "max": 0.49457094269202984}, "3": {"min": 0.15922864579846657, "25%": 0.1849590321609916, "50%": 0.23505934372818246, "mean": 0.22882584303480066, "75%": 0.23836059027462653, "max": 0.4781638068839524}, "4": {"min": 0.1524684210127981, "25%": 0.1866943753460336, "50%": 0.2563367286943956, "mean": 0.2862647587860363, "75%": 0.37740111461088116, "max": 0.5000268358841186}}, "rep_seat_share_percentage": 0.98, "rep_vote_share_percentage": 0.7148566419803111, "rep_split_box_data": {"1": {"min": 0.49962915281594067, "25%": 0.5561493305373131, "50%": 0.7345616424209551, "mean": 0.6817474514832618, "75%": 0.7588697717552503, "max": 0.8388557356040546}, "2": {"min": 0.5054290573079702, "25%": 0.5341279965890052, "50%": 0.7579435496102163, "mean": 0.6927697182588196, "75%": 0.7661439848413636, "max": 0.8392221667115023}, "3": {"min": 0.5218361931160476, "25%": 0.7616394097253735, "50%": 0.7649406562718175, "mean": 0.7711741569651993, "75%": 0.8150409678390084, "max": 0.8407713542015334}, "4": {"min": 0.4999731641158815, "25%": 0.6225988853891189, "50%": 0.7436632713056044, "mean": 0.7137352412139637, "75%": 0.8133056246539664, "max": 0.8475315789872019}}, "black_pop_box_data": {"1": {"min": 2638.428943189862, "25%": 4465.729858319332, "50%": 6549.052751082206, "mean": 7212.213758260735, "75%": 10372.499709443731, "max": 11767.539495766252}, "2": {"min": 2776.6163775660057, "25%": 4965.058099690494, "50%": 6764.254567197833, "mean": 7176.403781528306, "75%": 10339.25358866277, "max": 11899.897232531996}, "3": {"min": 2809.6166317495677, "25%": 3067.6662389371772, "50%": 6541.410464456314, "mean": 5562.1497886977, "75%": 7280.906291336892, "max": 11702.182655279337}, "4": {"min": 2621.7767564198302, "25%": 3074.6967595406395, "50%": 4941.5627936599685, "mean": 6005.321654544751, "75%": 7947.922087523673, "max": 12021.058927281672}}, "asian_pop_box_data": {"1": {"min": 6112.0823571698875, "25%": 9621.799857767084, "50%": 14064.803040490999, "mean": 15152.912465574213, "75%": 22067.54841246979, "max": 25343.260713231874}, "2": {"min": 5242.29414281722, "25%": 10042.058047924898, "50%": 12800.429724515376, "mean": 14838.455724276979, "75%": 21931.561552833755, "max": 25253.42922383227}, "3": {"min": 5383.812884732122, "25%": 7154.510685395367, "50%": 9949.858525716832, "mean": 9933.749751043342, "75%": 10497.40968970126, "max": 23543.728195092008}, "4": {"min": 5599.821161433933, "25%": 7504.457831678779, "50%": 14047.692847800714, "mean": 14243.596918330675, "75%": 20377.632257178768, "max": 25452.275759219356}}, "hispanic_pop_box_data": {"1": {"min": 58498.89644578984, "25%": 76041.15237306018, "50%": 90615.60723882391, "mean": 97212.87627278903, "75%": 119337.4804740306, "max": 143256.27365000674}, "2": {"min": 56341.57305469383, "25%": 78168.34818427173, "50%": 85573.88065786053, "mean": 94470.75684662472, "75%": 112364.2407363313, "max": 146193.3903081668}, "3": {"min": 51248.06181903672, "25%": 73271.93690190151, "50%": 78937.22304101643, "mean": 80876.26882449843, "75%": 88590.3522234164, "max": 139800.302819254}, "4": {"min": 59145.848655820955, "25%": 67371.73694274951, "50%": 74104.35566576029, "mean": 85796.6557801167, "75%": 93161.7884659953, "max": 147052.2454471905}}, "white_pop_box_data": {"1": {"min": 470235.12899468094, "25%": 505352.00021709775, "50%": 558999.334829425, "mean": 543556.8083731112, "75%": 572883.3831604865, "max": 597627.2986086905}, "2": {"min": 470512.2080742372, "25%": 522720.007248753, "50%": 568184.7989417452, "mean": 549908.8227185848, "75%": 579068.3554212479, "max": 592918.761361789}, "3": {"min": 478638.22885980026, "25%": 566618.9771259675, "50%": 574914.7860454433, "mean": 572113.8674297576, "75%": 580573.5750054126, "max": 596259.3618712425}, "4": {"min": 465177.4174955728, "25%": 544208.0983818014, "50%": 565449.0425021761, "mean": 556289.8911964588, "75%": 581645.7707430681, "max": 597651.1192565404}}, "total_pop_box_data": {"1": {"min": 677350.2388564011, "25%": 684989.3975080292, "50%": 689746.3708065399, "mean": 690567.7379904832, "75%": 694543.4095326297, "max": 702734.5566119964}, "2": {"min": 677644.3750477297, "25%": 688061.5575966183, "50%": 692459.5529432229, "mean": 692119.6995664677, "75%": 697735.7297870172, "max": 704777.7012309164}, "3": {"min": 677236.6024402827, "25%": 690903.6622595085, "50%": 693660.5199730041, "mean": 692328.1168811639, "75%": 695936.8229856421, "max": 700085.8575228319}, "4": {"min": 678898.8978062961, "25%": 684158.0083043239, "50%": 687759.9359610754, "mean": 689040.5022371365, "75%": 693292.1414491578, "max": 702805.2977882795}}, "unique_plans_data": {"Large Difference Between Democrat Vote Share and Seat Share": {"blk_pop": {"1": 10743.727965747406, "2": 6764.254567197833, "3": 3011.4603052128964, "4": 5436.646144873356}, "asn_pop": {"1": 22882.76569414109, "2": 10054.024839728134, "3": 6866.882566405101, "4": 14365.04175895088}, "hsp_pop": {"1": 130987.85058592654, "2": 78466.25716987281, "3": 73902.98709092422, "4": 74999.46287730534}, "wt_pop": {"1": 500162.93158510054, "2": 579068.3554212479, "3": 574934.8728482007, "4": 567703.2298633636}, "tot_pop": {"1": 696196.9034373723, "2": 692459.5529432229, "3": 691074.0366176567, "4": 684325.5636769993}, "minority_pop": {"1": 164614.34424581504, "2": 95284.53657679878, "3": 83781.32996254221, "4": 94801.15078112957}, "dem_split": {"1": 0.49372439848876515, "2": 0.23506994640446421, "3": 0.15922864579846657, "4": 0.2585056035468604}, "rep_split": {"1": 0.5062756015112349, "2": 0.7649300535955358, "3": 0.8407713542015334, "4": 0.7414943964531395}, "safe_districts": 3, "opportunity_reps": 0, "polsby_popper_scores": {"1": 0.11278908097605998, "2": 0.3262007215553056, "3": 0.14649410353174733, "4": 0.10124885263098259}}, "Large Difference Between Republican Vote Share and Seat Share": {"blk_pop": {"1": 10743.727965747406, "2": 6764.254567197833, "3": 3011.4603052128964, "4": 5436.646144873356}, "asn_pop": {"1": 22882.76569414109, "2": 10054.024839728134, "3": 6866.882566405101, "4": 14365.04175895088}, "hsp_pop": {"1": 130987.85058592654, "2": 78466.25716987281, "3": 73902.98709092422, "4": 74999.46287730534}, "wt_pop": {"1": 500162.93158510054, "2": 579068.3554212479, "3": 574934.8728482007, "4": 567703.2298633636}, "tot_pop": {"1": 696196.9034373723, "2": 692459.5529432229, "3": 691074.0366176567,