{"thresholds": {"SAFE_SEAT_THRESHOLD": 0.66, "MINORITY_POP_THRESHOLD": 0.5, "RACE_WINNER_THRESHOLD": 0.5, "OPPORTUNITY_REP_COUNT": 1}, "polsby_popper_scores": {"1": 0.1992475740038972, "2": 0.20889834240047706, "3": 0.194647878491977, "4": 0.17295957349620789}, "rep_splits": {"1": 0.696026601189218, "2": 0.7337496072853824, "3": 0.7247874970252534, "4": 0.6977563072661991}, "dem_splits": {"1": 0.303973398810782, "2": 0.26625039271461776, "3": 0.2752125029747467, "4": 0.302243692733801}, "black_pop": {"1": 6974.238732627884, "2": 6279.570467360003, "3": 5885.43226306375, "4": 6816.847519979857}, "asian_pop": {"1": 14043.49477397467, "2": 12628.50441845612, "3": 12199.31651363811, "4": 15297.399153156297}, "hispanic_pop": {"1": 92327.4643478073, "2": 88293.86967564767, "3": 86951.17884441638, "4": 90784.04485615766}, "white_pop": {"1": 552982.9904761527, "2": 558444.3531872309, "3": 556446.8741123694, "4": 553995.1719421596}, "total_pop": {"1": 692230.9037273825, "2": 690337.9210338115, "3": 689480.9950556062, "4": 692006.2368584502}, "minority_pop": {"1": 113345.19785440984, "2": 107201.94456146378, "3": 105035.92762111822, "4": 112898.29152929384}, "opportunity_reps": {"0": 0, "1": 0, "2": 0, "3": 0}, "equal_pop": {"0": 16658.115448065528}, "dem_seat_share_percentage": 0.0275, "dem_vote_share_percentage": 0.2869199968084869, "dem_split_box_data": {"1": {"min": 0.1620654905818951, "25%": 0.2285018869586925, "50%": 0.24314045576407978, "mean": 0.303973398810782, "75%": 0.42673412864902704, "max": 0.5074053803730055}, "2": {"min": 0.16134144895458677, "25%": 0.19061920984997907, "50%": 0.24173992163941416, "mean": 0.26625039271461776, "75%": 0.29173785386167617, "max": 0.5129008087438814}, "3": {"min": 0.16231749544854174, "25%": 0.19894344927568067, "50%": 0.2437076316311317, "mean": 0.2752125029747467, "75%": 0.3087254326054688, "max": 0.5010516870212355}, "4": {"min": 0.16162195466928106, "25%": 0.22356602855946703, "50%": 0.24772694399967624, "mean": 0.302243692733801, "75%": 0.43678441053580913, "max": 0.5008929425646587}}, "rep_seat_share_percentage": 0.9725, "rep_vote_share_percentage": 0.7130800031915132, "rep_split_box_data": {"1": {"min": 0.49259461962699447, "25%": 0.573265871350973, "50%": 0.7568595442359203, "mean": 0.696026601189218, "75%": 0.7714981130413076, "max": 0.8379345094181049}, "2": {"min": 0.4870991912561185, "25%": 0.7082621461383238, "50%": 0.7582600783605858, "mean": 0.7337496072853824, "75%": 0.809380790150021, "max": 0.8386585510454132}, "3": {"min": 0.4989483129787646, "25%": 0.6912745673945312, "50%": 0.7562923683688683, "mean": 0.7247874970252534, "75%": 0.8010565507243194, "max": 0.8376825045514582}, "4": {"min": 0.4991070574353414, "25%": 0.5632155894641909, "50%": 0.7522730560003238, "mean": 0.6977563072661991, "75%": 0.7764339714405329, "max": 0.8383780453307189}}, "rep_total_count": {"0": 0, "1": 0, "2": 0, "3": 11, "4": 89}, "black_pop_box_data": {"1": {"min": 2771.995090446001, "25%": 4591.993782472528, "50%": 6559.065944335725, "mean": 6974.238732627884, "75%": 10581.613411833117, "max": 11901.575529786785}, "2": {"min": 2959.4283430730684, "25%": 3658.3446978615057, "50%": 6538.419685527223, "mean": 6279.570467360003, "75%": 6783.219692762317, "max": 12946.345094299226}, "3": {"min": 2776.632461834376, "25%": 3661.847180702646, "50%": 5017.743672123196, "mean": 5885.43226306375, "75%": 6797.106495857012, "max": 12104.889642868098}, "4": {"min": 2841.0996366612844, "25%": 4136.184341585587, "50%": 6213.875658751744, "mean": 6816.847519979857, "75%": 10681.422429007052, "max": 13114.556620171506}}, "asian_pop_box_data": {"1": {"min": 6813.784205538718, "25%": 9362.774078974595, "50%": 10093.516286502, "mean": 14043.49477397467, "75%": 22237.449058201193, "max": 25362.31576396211}, "2": {"min": 7074.371649246985, "25%": 9803.280186940487, "50%": 10291.750850579963, "mean": 12628.50441845612, "75%": 13094.113916799042, "max": 24776.193351356625}, "3": {"min": 5332.882409726776, "25%": 8896.374789783717, "50%": 9919.7125421729, "mean": 12199.31651363811, "75%": 14586.66597620725, "max": 24743.498217517415}, "4": {"min": 5156.098397407477, "25%": 11514.751960629757, "50%": 12666.827378868544, "mean": 15297.399153156297, "75%": 21853.124525999396, "max": 25380.061756949643}}, "hispanic_pop_box_data": {"1": {"min": 56947.83435009797, "25%": 75047.69084639542, "50%": 81709.16255731665, "mean": 92327.4643478073, "75%": 108499.46255499125, "max": 156239.21470735903}, "2": {"min": 57675.85783524276, "25%": 71677.57251103534, "50%": 79441.79740184397, "mean": 88293.86967564767, "75%": 85180.5864087207, "max": 157524.14539864525}, "3": {"min": 54217.97872003089, "25%": 67793.05821081005, "50%": 77506.64676751969, "mean": 86951.17884441638, "75%": 103322.12346874212, "max": 152491.00146084902}, "4": {"min": 53608.467899769865, "25%": 69599.54469984086, "50%": 81768.15710738683, "mean": 90784.04485615766, "75%": 109054.56108751954, "max": 155937.17705217015}}, "white_pop_box_data": {"1": {"min": 469782.97799745935, "25%": 521334.57233291905, "50%": 570404.5714149654, "mean": 552982.9904761527, "75%": 582817.8851221935, "max": 601535.1904111858}, "2": {"min": 458902.3138902059, "25%": 569461.6448035077, "50%": 577437.4727226432, "mean": 558444.3531872309, "75%": 580208.6910039578, "max": 596312.3432025611}, "3": {"min": 470945.27749415586, "25%": 550615.0862570857, "50%": 570380.932552231, "mean": 556446.8741123694, "75%": 582128.8829229955, "max": 601008.5963596008}, "4": {"min": 463315.26414310373, "25%": 519542.04222295946, "50%": 568498.7588043469, "mean": 553995.1719421596, "75%": 584080.8385530538, "max": 604675.7196176334}}, "total_pop_box_data": {"1": {"min": 677868.3682409527, "25%": 687847.4390422951, "50%": 694391.9847357629, "mean": 692230.9037273825, "75%": 698332.7654535136, "max": 704012.5187624225}, "2": {"min": 677744.2973314084, "25%": 684744.6201897977, "50%": 690763.1908265253, "mean": 690337.9210338115, "75%": 698037.4509409544, "max": 701500.1566777783}, "3": {"min": 677473.1178280769, "25%": 684559.6449692647, "50%": 687849.212931756, "mean": 689480.9950556062, "75%": 693041.4353478148, "max": 703028.4778980627}, "4": {"min": 677833.142134431, "25%": 686777.921242873, "50%": 692735.1887919826, "mean": 692006.2368584502, "75%": 697563.314869123, "max": 703781.614119556}}, "unique_plans_data": {"high vote seat share skew": {"blk_pop": {"1": 7793.620888380803, "2": 5621.823600122028, "3": 8018.939164080281, "4": 4521.705330448381}, "asn_pop": {"1": 13110.178199066788, "2": 12855.730134642738, "3": 14798.759210693825, "4": 13404.047314821852}, "hsp_pop": {"1": 109003.37398047803, "2": 68285.79573119263, "3": 99299.23090497155, "4": 81768.15710738683}, "wt_pop": {"1": 514334.8190156961, "2": 584344.9557776348, "3": 557220.6682865662, "4": 565968.9466380156}, "tot_pop": {"1": 678872.843581321, "2": 693470.1899457716, "3": 701561.1958964155, "4": 690151.8272517424}, "minority_pop": {"1": 129907.17306792563, "2": 86763.34946595739, "3": 122116.92927974566, "4": 99693.90975265705}, "dem_split": {"1": 0.25691837848904664, "2": 0.328124892588799, "3": 0.33004895513663596, "4": 0.21313750081003915}, "rep_split": {"1": 0.7430816215109534, "2": 0.671875107411201, "3": 0.669951044863364, "4": 0.7868624991899609}, "rep_total_count": 4, "safe_districts": 4, "opportunity_reps": {"0": 0, "1": 0, "2": 0, "3": 0}, "polsby_popper_scores": {"1": 0.13136616035172863, "2": 0.14740632647995183, "3": 0.13265805220758353, "4": 0.10496455199661929}}}}