{"polsby_popper_scores": {"13": 0.1881968747364636, "5": 0.20414476342105412, "9": 0.18668624124780395, "11": 0.1804599032854045, "3": 0.18867688422835552, "1": 0.20401824678966232, "7": 0.19552789632541429, "8": 0.19446389988274754, "10": 0.2172788823938444, "4": 0.17809701017684637, "6": 0.18776272992927096, "12": 0.21183124749578292, "2": 0.19244966843021633}, "rep_splits": {"13": 0.5081687080647925, "5": 0.4857747490428785, "9": 0.4664480916172249, "11": 0.48292390461186097, "3": 0.521428355663568, "1": 0.5138460867685422, "7": 0.496110092664523, "8": 0.5211249964350103, "10": 0.5333317827478709, "4": 0.5098592192871816, "6": 0.47784764679168756, "12": 0.52807719111941, "2": 0.4808420593663346}, "dem_splits": {"13": 0.49183129193520747, "5": 0.5142252509571215, "9": 0.5335519083827751, "11": 0.517076095388139, "3": 0.47857164433643196, "1": 0.48615391323145785, "7": 0.503889907335477, "8": 0.4788750035649897, "10": 0.46666821725212915, "4": 0.4901407807128184, "6": 0.5221523532083124, "12": 0.47192280888058996, "2": 0.5191579406336653}, "black_pop": {"13": 125957.755, "5": 128207.598, "9": 179771.065, "11": 160120.704, "3": 184358.859, "1": 161179.087, "7": 186211.652, "8": 125337.6, "10": 147762.246, "4": 159111.906, "6": 175668.871, "12": 119165.474, "2": 167001.183}, "asian_pop": {"13": 16860.794, "5": 14916.086, "9": 20029.002, "11": 18465.167, "3": 13623.197, "1": 16027.475, "7": 15351.684, "8": 15126.464, "10": 12014.471, "4": 14505.804, "6": 16835.167, "12": 14869.057, "2": 17954.632}, "hispanic_pop": {"13": 61123.677, "5": 60619.034, "9": 64422.432, "11": 63314.142, "3": 62781.693, "1": 58488.153, "7": 62488.893, "8": 59085.339, "10": 55965.763, "4": 59629.972, "6": 65131.376, "12": 59406.371, "2": 67663.155}, "white_pop": {"13": 510110.882, "5": 504971.217, "9": 446031.765, "11": 471421.737, "3": 451693.33, "1": 478961.01, "7": 445488.357, "8": 514340.161, "10": 494603.399, "4": 475321.826, "6": 452956.192, "12": 520756.635, "2": 457338.489}, "total_pop": {"13": 733142.86, "5": 734206.139, "9": 734063.345, "11": 730996.451, "3": 734730.97, "1": 733468.259, "7": 735136.896, "8": 732789.234, "10": 732175.346, "4": 733283.978, "6": 734153.36, "12": 734587.144, "2": 732749.018}, "minority_pop": {"13": 203942.226, "5": 203742.718, "9": 264222.499, "11": 241900.013, "3": 260763.749, "1": 235694.715, "7": 264052.229, "8": 199549.403, "10": 215742.48, "4": 233247.682, "6": 257635.414, "12": 193440.902, "2": 252618.97}, "opportunity_reps": 3.3846153846153846, "equal_pop": {"0": 25271.858}, "dem_seat_share_percentage": 0.4290000000000001, "dem_vote_share_percentage": 0.5005638507237432, "black_pop_box_data": {"13": {"min": 27178.0, "25%": 77692.5, "50%": 118546.0, "mean": 125957.755, "75%": 176562.0, "max": 242848.0}, "5": {"min": 24300.0, "25%": 36458.0, "50%": 134981.0, "mean": 128207.598, "75%": 196666.0, "max": 284174.0}, "9": {"min": 65091.0, "25%": 152062.0, "50%": 179073.0, "mean": 179771.065, "75%": 208131.0, "max": 302441.0}, "11": {"min": 26936.0, "25%": 118690.0, "50%": 165427.0, "mean": 160120.704, "75%": 196391.25, "max": 284122.0}, "3": {"min": 61929.0, "25%": 152827.0, "50%": 178470.0, "mean": 184358.859, "75%": 219257.0, "max": 291824.0}, "1": {"min": 26313.0, "25%": 117581.25, "50%": 170311.0, "mean": 161179.087, "75%": 209488.0, "max": 316261.0}, "7": {"min": 37582.0, "25%": 151292.0, "50%": 192160.0, "mean": 186211.652, "75%": 218487.0, "max": 299519.0}, "8": {"min": 27374.0, "25%": 56243.0, "50%": 115381.0, "mean": 125337.6, "75%": 172795.0, "max": 288393.0}, "10": {"min": 27976.0, "25%": 116585.0, "50%": 158632.0, "mean": 147762.246, "75%": 195796.0, "max": 283109.0}, "4": {"min": 24707.0, "25%": 114616.0, "50%": 158005.0, "mean": 159111.906, "75%": 199604.25, "max": 286651.0}, "6": {"min": 27186.0, "25%": 143574.0, "50%": 173413.0, "mean": 175668.871, "75%": 204992.0, "max": 301392.0}, "12": {"min": 27105.0, "25%": 64469.0, "50%": 106027.0, "mean": 119165.474, "75%": 176376.75, "max": 263442.0}, "2": {"min": 38066.0, "25%": 125883.0, "50%": 167690.0, "mean": 167001.183, "75%": 199457.0, "max": 275781.0}}, "asian_pop_box_data": {"13": {"min": 5058.0, "25%": 9706.0, "50%": 12955.0, "mean": 16860.794, "75%": 23631.75, "max": 44230.0}, "5": {"min": 4679.0, "25%": 5867.0, "50%": 10333.0, "mean": 14916.086, "75%": 25376.0, "max": 40006.0}, "9": {"min": 4387.0, "25%": 8119.25, "50%": 15712.0, "mean": 20029.002, "75%": 24403.0, "max": 54039.0}, "11": {"min": 5253.0, "25%": 9773.0, "50%": 17058.0, "mean": 18465.167, "75%": 23937.0, "max": 51494.0}, "3": {"min": 4561.0, "25%": 7685.0, "50%": 9140.0, "mean": 13623.197, "75%": 17814.0, "max": 51366.0}, "1": {"min": 4512.0, "25%": 7139.0, "50%": 12358.0, "mean": 16027.475, "75%": 22435.0, "max": 42308.0}, "7": {"min": 4442.0, "25%": 8043.0, "50%": 12318.0, "mean": 15351.684, "75%": 21117.0, "max": 50816.0}, "8": {"min": 4472.0, "25%": 6773.0, "50%": 12026.0, "mean": 15126.464, "75%": 21064.0, "max": 44141.0}, "10": {"min": 4790.0, "25%": 5805.0, "50%": 8840.0, "mean": 12014.471, "75%": 14382.0, "max": 47978.0}, "4": {"min": 5109.0, "25%": 6744.0, "50%": 12327.5, "mean": 14505.804, "75%": 19156.0, "max": 50842.0}, "6": {"min": 4567.0, "25%": 7905.75, "50%": 14473.0, "mean": 16835.167, "75%": 24163.0, "max": 51925.0}, "12": {"min": 5048.0, "25%": 6844.0, "50%": 11642.0, "mean": 14869.057, "75%": 20467.5, "max": 45212.0}, "2": {"min": 4371.0, "25%": 10557.0, "50%": 15642.0, "mean": 17954.632, "75%": 22331.0, "max": 49531.0}}, "hispanic_pop_box_data": {"13": {"min": 38015.0, "25%": 46418.0, "50%": 62383.5, "mean": 61123.677, "75%": 70976.0, "max": 94365.0}, "5": {"min": 34908.0, "25%": 40236.0, "50%": 62202.0, "mean": 60619.034, "75%": 75156.0, "max": 99151.0}, "9": {"min": 32157.0, "25%": 57191.0, "50%": 64637.0, "mean": 64422.432, "75%": 74099.0, "max": 88095.0}, "11": {"min": 32851.0, "25%": 54139.0, "50%": 62203.0, "mean": 63314.142, "75%": 72472.0, "max": 97998.0}, "3": {"min": 32258.0, "25%": 54793.0, "50%": 64835.0, "mean": 62781.693, "75%": 72841.0, "max": 88245.0}, "1": {"min": 30251.0, "25%": 45649.5, "50%": 60385.0, "mean": 58488.153, "75%": 67885.0, "max": 92715.0}, "7": {"min": 30916.0, "25%": 54690.0, "50%": 62728.0, "mean": 62488.893, "75%": 71566.0, "max": 95370.0}, "8": {"min": 34061.0, "25%": 41281.0, "50%": 62760.0, "mean": 59085.339, "75%": 71084.0, "max": 91520.0}, "10": {"min": 33781.0, "25%": 40592.0, "50%": 54133.0, "mean": 55965.763, "75%": 66711.0, "max": 96288.0}, "4": {"min": 30580.0, "25%": 47232.0, "50%": 59311.0, "mean": 59629.972, "75%": 69891.0, "max": 95723.0}, "6": {"min": 31683.0, "25%": 55996.25, "50%": 66690.0, "mean": 65131.376, "75%": 75220.0, "max": 93463.0}, "12": {"min": 38440.0, "25%": 41435.0, "50%": 58426.0, "mean": 59406.371, "75%": 68150.0, "max": 100014.0}, "2": {"min": 37572.0, "25%": 62543.5, "50%": 67036.0, "mean": 67663.155, "75%": 72951.0, "max": 96818.0}}, "white_pop_box_data": {"13": {"min": 350848.0, "25%": 441440.0, "50%": 510289.5, "mean": 510110.882, "75%": 581246.0, "max": 642526.0}, "5": {"min": 342159.0, "25%": 425253.0, "50%": 482289.0, "mean": 504971.217, "75%": 631300.0, "max": 651137.0}, "9": {"min": 345438.0, "25%": 417528.0, "50%": 435585.0, "mean": 446031.765, "75%": 464335.0, "max": 607114.0}, "11": {"min": 344617.0, "25%": 428299.0, "50%": 451633.5, "mean": 471421.737, "75%": 522044.0, "max": 637265.0}, "3": {"min": 343026.0, "25%": 413167.0, "50%": 447789.0, "mean": 451693.33, "75%": 481285.0, "max": 603498.0}, "1": {"min": 353095.0, "25%": 424120.0, "50%": 453411.0, "mean": 478961.01, "75%": 525370.0, "max": 640555.0}, "7": {"min": 345732.0, "25%": 412630.0, "50%": 444592.0, "mean": 445488.357, "75%": 478536.0, "max": 615269.0}, "8": {"min": 343832.0, "25%": 440708.0, "50%": 514575.0, "mean": 514340.161, "75%": 615282.0, "max": 644427.0}, "10": {"min": 350696.0, "25%": 436568.5, "50%": 467374.0, "mean": 494603.399, "75%": 538405.0, "max": 635288.0}, "4": {"min": 342624.0, "25%": 429480.0, "50%": 451872.0,