{
  "SMD": [
    {
      "avgPolsbyPopperScores": 0.19264715028091303,
      "avgRepSplits": 0.5019224276802722,
      "avgDemSplits": 0.4980775723197278,
      "avgOpportunityReps": 0,
      "avgEqualPop": 25588.9375,
      "planType": "SMD",
      "totalDistrictPlans": 10000,
      "pattern": "SMD"
    }
  ]
}
